/*
Navicat MySQL Data Transfer

Source Server         : Vagrant_Lamp
Source Server Version : 50722
Source Host           : localhost:3306
Source Database       : aga

Target Server Type    : MYSQL
Target Server Version : 50722
File Encoding         : 65001

Date: 2018-05-28 03:45:16
*/

SET FOREIGN_KEY_CHECKS=0;

-- ----------------------------
-- Table structure for basket_infos
-- ----------------------------
DROP TABLE IF EXISTS `basket_infos`;
CREATE TABLE `basket_infos` (
  `id` int(10) unsigned NOT NULL AUTO_INCREMENT,
  `user_id` int(11) NOT NULL,
  `product_id` int(11) NOT NULL,
  `created_at` timestamp NULL DEFAULT NULL,
  `updated_at` timestamp NULL DEFAULT NULL,
  `deleted_at` timestamp NULL DEFAULT NULL,
  `count` float DEFAULT NULL,
  `status` int(11) DEFAULT NULL,
  PRIMARY KEY (`id`)
) ENGINE=InnoDB AUTO_INCREMENT=113 DEFAULT CHARSET=utf8 COLLATE=utf8_unicode_ci;

-- ----------------------------
-- Records of basket_infos
-- ----------------------------
INSERT INTO `basket_infos` VALUES ('56', '1', '2', '2017-12-01 06:18:54', null, null, '6', '2');
INSERT INTO `basket_infos` VALUES ('57', '1', '1', '2017-12-01 06:18:56', null, null, '10', '2');
INSERT INTO `basket_infos` VALUES ('58', '1', '3', '2017-12-01 06:19:00', null, null, '2', '2');
INSERT INTO `basket_infos` VALUES ('59', '1', '1', '2017-12-01 06:21:25', null, null, '8', '2');
INSERT INTO `basket_infos` VALUES ('60', '1', '5', '2017-12-01 06:21:26', null, null, '7', '2');
INSERT INTO `basket_infos` VALUES ('61', '1', '5', '2017-12-01 06:21:45', null, null, '6', '2');
INSERT INTO `basket_infos` VALUES ('62', '1', '8', '2017-12-01 06:21:46', null, null, '1', '2');
INSERT INTO `basket_infos` VALUES ('63', '1', '2', '2017-12-01 06:21:48', null, null, '5', '2');
INSERT INTO `basket_infos` VALUES ('64', '1', '6', '2017-12-01 06:21:50', null, null, '1', '2');
INSERT INTO `basket_infos` VALUES ('65', '1', '4', '2017-12-01 06:21:52', null, null, '4', '2');
INSERT INTO `basket_infos` VALUES ('66', '1', '3', '2017-12-01 11:24:46', null, null, '2', '2');
INSERT INTO `basket_infos` VALUES ('67', '1', '5', '2017-12-01 11:24:47', null, null, '6', '2');
INSERT INTO `basket_infos` VALUES ('68', '1', '6', '2017-12-01 11:24:52', null, null, '2', '2');
INSERT INTO `basket_infos` VALUES ('69', '1', '3', '2017-12-04 07:26:33', null, null, '2', '2');
INSERT INTO `basket_infos` VALUES ('70', '1', '5', '2017-12-04 07:26:35', null, null, '6', '2');
INSERT INTO `basket_infos` VALUES ('71', '1', '2', '2017-12-04 07:26:38', null, null, '5', '2');
INSERT INTO `basket_infos` VALUES ('72', '1', '1', '2017-12-04 18:59:42', null, null, '5', '2');
INSERT INTO `basket_infos` VALUES ('73', '1', '2', '2017-12-04 18:59:43', null, null, '3', '2');
INSERT INTO `basket_infos` VALUES ('74', '1', '5', '2017-12-04 19:12:00', null, null, '6', '2');
INSERT INTO `basket_infos` VALUES ('75', '1', '3', '2017-12-04 19:12:01', null, null, '2', '2');
INSERT INTO `basket_infos` VALUES ('76', '1', '2', '2017-12-04 19:12:04', null, null, '3', '2');
INSERT INTO `basket_infos` VALUES ('77', '1', '1', '2017-12-04 19:37:10', null, null, '5', '2');
INSERT INTO `basket_infos` VALUES ('78', '1', '2', '2017-12-04 19:47:07', null, null, '3', '2');
INSERT INTO `basket_infos` VALUES ('79', '1', '5', '2017-12-04 19:47:08', null, null, '6', '2');
INSERT INTO `basket_infos` VALUES ('80', '1', '8', '2017-12-04 19:47:09', null, null, '1', '2');
INSERT INTO `basket_infos` VALUES ('81', '1', '4', '2017-12-04 19:47:11', null, null, '4', '2');
INSERT INTO `basket_infos` VALUES ('82', '1', '1', '2017-12-05 05:33:05', null, null, '4', '2');
INSERT INTO `basket_infos` VALUES ('83', '1', '3', '2017-12-05 05:33:07', null, null, '1', '2');
INSERT INTO `basket_infos` VALUES ('84', '1', '4', '2017-12-05 05:33:08', null, null, '3', '2');
INSERT INTO `basket_infos` VALUES ('85', '1', '1', '2017-12-05 12:04:25', null, null, '3', '2');
INSERT INTO `basket_infos` VALUES ('86', '1', '3', '2017-12-05 12:04:27', null, null, '1', '2');
INSERT INTO `basket_infos` VALUES ('87', '1', '2', '2017-12-05 13:38:55', null, null, '3', '2');
INSERT INTO `basket_infos` VALUES ('88', '1', '6', '2017-12-05 13:38:56', null, null, '1', '2');
INSERT INTO `basket_infos` VALUES ('89', '1', '2', '2017-12-06 01:39:08', null, null, '3', '2');
INSERT INTO `basket_infos` VALUES ('90', '1', '1', '2017-12-06 01:39:10', null, null, '3', '2');
INSERT INTO `basket_infos` VALUES ('91', '1', '6', '2017-12-06 01:39:11', null, null, '1', '2');
INSERT INTO `basket_infos` VALUES ('92', '1', '3', '2017-12-08 02:51:35', null, null, '1', '2');
INSERT INTO `basket_infos` VALUES ('93', '1', '8', '2017-12-08 02:51:38', null, null, '1', '2');
INSERT INTO `basket_infos` VALUES ('94', '1', '4', '2017-12-08 02:51:41', null, null, '3', '2');
INSERT INTO `basket_infos` VALUES ('95', '1', '1', '2017-12-08 02:53:07', null, null, '3', '2');
INSERT INTO `basket_infos` VALUES ('96', '1', '5', '2017-12-08 02:53:08', null, null, '6', '2');
INSERT INTO `basket_infos` VALUES ('97', '1', '2', '2017-12-08 02:53:09', null, null, '3', '2');
INSERT INTO `basket_infos` VALUES ('98', '1', '1', '2017-12-08 14:17:42', null, null, '3', '2');
INSERT INTO `basket_infos` VALUES ('99', '1', '5', '2017-12-08 14:17:45', null, null, '6', '2');
INSERT INTO `basket_infos` VALUES ('100', '1', '8', '2017-12-08 14:17:46', null, null, '1', '2');
INSERT INTO `basket_infos` VALUES ('101', '1', '1', '2017-12-08 16:15:18', null, null, '3', '2');
INSERT INTO `basket_infos` VALUES ('102', '1', '5', '2017-12-08 16:15:20', null, null, '5', '2');
INSERT INTO `basket_infos` VALUES ('103', '1', '4', '2017-12-08 16:15:21', null, null, '3', '2');
INSERT INTO `basket_infos` VALUES ('104', '1', '1', '2017-12-08 20:58:06', null, null, '3', '2');
INSERT INTO `basket_infos` VALUES ('105', '1', '2', '2017-12-08 20:58:07', null, null, '1', '2');
INSERT INTO `basket_infos` VALUES ('106', '1', '5', '2017-12-08 20:58:08', null, null, '4', '2');
INSERT INTO `basket_infos` VALUES ('107', '1', '8', '2017-12-08 20:58:09', null, null, '1', '2');
INSERT INTO `basket_infos` VALUES ('108', '5', '3', '2017-12-09 07:42:35', null, null, '1', '1');
INSERT INTO `basket_infos` VALUES ('109', '5', '5', '2017-12-09 07:42:36', null, null, '1', '1');
INSERT INTO `basket_infos` VALUES ('110', '1', '2', '2017-12-09 07:45:37', null, null, '1', '2');
INSERT INTO `basket_infos` VALUES ('111', '1', '5', '2017-12-09 07:45:39', null, null, '2', '2');
INSERT INTO `basket_infos` VALUES ('112', '1', '4', '2017-12-09 07:45:51', null, null, '2', '2');

-- ----------------------------
-- Table structure for baskets
-- ----------------------------
DROP TABLE IF EXISTS `baskets`;
CREATE TABLE `baskets` (
  `id` int(10) unsigned NOT NULL AUTO_INCREMENT,
  `user_id` int(11) NOT NULL,
  `sum_cost` double NOT NULL,
  `created_at` timestamp NOT NULL DEFAULT CURRENT_TIMESTAMP ON UPDATE CURRENT_TIMESTAMP,
  `paid_at` timestamp NULL DEFAULT NULL,
  `updated_at` timestamp NULL DEFAULT NULL,
  `status` int(11) DEFAULT NULL,
  PRIMARY KEY (`id`)
) ENGINE=InnoDB AUTO_INCREMENT=2 DEFAULT CHARSET=utf8 COLLATE=utf8_unicode_ci;

-- ----------------------------
-- Records of baskets
-- ----------------------------
INSERT INTO `baskets` VALUES ('1', '1', '0', '2018-05-20 13:42:51', null, '2017-08-11 12:18:46', '1');

-- ----------------------------
-- Table structure for baskets_statuses
-- ----------------------------
DROP TABLE IF EXISTS `baskets_statuses`;
CREATE TABLE `baskets_statuses` (
  `id` int(10) unsigned NOT NULL AUTO_INCREMENT,
  `name` varchar(255) COLLATE utf8_unicode_ci NOT NULL,
  `created_at` timestamp NULL DEFAULT NULL,
  `updated_at` timestamp NULL DEFAULT NULL,
  `deleted_at` timestamp NULL DEFAULT NULL,
  PRIMARY KEY (`id`)
) ENGINE=InnoDB AUTO_INCREMENT=6 DEFAULT CHARSET=utf8 COLLATE=utf8_unicode_ci;

-- ----------------------------
-- Records of baskets_statuses
-- ----------------------------
INSERT INTO `baskets_statuses` VALUES ('1', 'active', '2017-09-20 19:41:14', null, null);
INSERT INTO `baskets_statuses` VALUES ('2', 'non-active', '2017-12-01 06:32:26', '0000-00-00 00:00:00', null);
INSERT INTO `baskets_statuses` VALUES ('3', '\r\nready', '2017-12-01 06:32:55', null, null);
INSERT INTO `baskets_statuses` VALUES ('4', '\r\nprocessed', '2017-12-01 09:11:35', null, null);
INSERT INTO `baskets_statuses` VALUES ('5', 'hide', '2017-12-01 14:38:10', null, null);

-- ----------------------------
-- Table structure for booking_query
-- ----------------------------
DROP TABLE IF EXISTS `booking_query`;
CREATE TABLE `booking_query` (
  `id` int(10) unsigned NOT NULL AUTO_INCREMENT,
  `user_id` int(11) DEFAULT NULL,
  `product_id` int(11) DEFAULT NULL,
  `count` int(11) DEFAULT NULL,
  `booking_code` text COLLATE utf8_unicode_ci,
  `created_at` timestamp NULL DEFAULT NULL,
  `updated_at` timestamp NULL DEFAULT NULL,
  `deleted_at` timestamp NULL DEFAULT NULL,
  PRIMARY KEY (`id`)
) ENGINE=InnoDB AUTO_INCREMENT=62 DEFAULT CHARSET=utf8 COLLATE=utf8_unicode_ci;

-- ----------------------------
-- Records of booking_query
-- ----------------------------
INSERT INTO `booking_query` VALUES ('50', '5', '3', '1', '0ufvcVLRUaAEv', '2017-12-09 10:42:41', null, null);
INSERT INTO `booking_query` VALUES ('51', '5', '5', '1', '0ufvcVLRUaAEv', '2017-12-09 10:42:41', null, null);
INSERT INTO `booking_query` VALUES ('53', '1', '3', '1', 'sSx3IAsTVFM0n', '2017-12-09 10:43:21', null, null);
INSERT INTO `booking_query` VALUES ('54', '1', '1', '1', 'sSx3IAsTVFM0n', '2017-12-09 10:43:21', null, null);
INSERT INTO `booking_query` VALUES ('55', '1', '5', '1', 'sSx3IAsTVFM0n', '2017-12-09 10:43:21', null, null);
INSERT INTO `booking_query` VALUES ('56', '1', '2', '3', 'sSx3IAsTVFM0n', '2017-12-09 10:43:21', null, null);
INSERT INTO `booking_query` VALUES ('60', '1', '2', '1', 'ZgWxsX8tv9k8Z', '2017-12-09 10:47:49', null, null);
INSERT INTO `booking_query` VALUES ('61', '1', '4', '2', 'ZgWxsX8tv9k8Z', '2017-12-09 10:47:49', null, null);

-- ----------------------------
-- Table structure for categories
-- ----------------------------
DROP TABLE IF EXISTS `categories`;
CREATE TABLE `categories` (
  `id` int(10) unsigned NOT NULL AUTO_INCREMENT,
  `parent_id` int(10) unsigned DEFAULT NULL,
  `order` int(11) NOT NULL DEFAULT '1',
  `name` varchar(255) COLLATE utf8_unicode_ci NOT NULL,
  `slug` varchar(255) COLLATE utf8_unicode_ci NOT NULL,
  `created_at` timestamp NULL DEFAULT NULL,
  `updated_at` timestamp NULL DEFAULT NULL,
  PRIMARY KEY (`id`),
  UNIQUE KEY `categories_slug_unique` (`slug`),
  KEY `categories_parent_id_foreign` (`parent_id`),
  CONSTRAINT `categories_parent_id_foreign` FOREIGN KEY (`parent_id`) REFERENCES `categories` (`id`) ON DELETE SET NULL ON UPDATE CASCADE
) ENGINE=InnoDB AUTO_INCREMENT=3 DEFAULT CHARSET=utf8 COLLATE=utf8_unicode_ci;

-- ----------------------------
-- Records of categories
-- ----------------------------
INSERT INTO `categories` VALUES ('1', null, '1', 'Category 1', 'category-1', '2017-08-07 08:03:41', '2017-08-07 08:03:41');
INSERT INTO `categories` VALUES ('2', null, '1', 'Category 2', 'category-2', '2017-08-07 08:03:41', '2017-08-07 08:03:41');

-- ----------------------------
-- Table structure for communications
-- ----------------------------
DROP TABLE IF EXISTS `communications`;
CREATE TABLE `communications` (
  `id` int(10) unsigned NOT NULL AUTO_INCREMENT,
  `shop_admin_id` int(11) NOT NULL,
  `shop_id` int(11) NOT NULL,
  `created_at` timestamp NULL DEFAULT NULL,
  `updated_at` timestamp NULL DEFAULT NULL,
  `deleted_at` timestamp NULL DEFAULT NULL,
  PRIMARY KEY (`id`)
) ENGINE=InnoDB AUTO_INCREMENT=2 DEFAULT CHARSET=utf8 COLLATE=utf8_unicode_ci;

-- ----------------------------
-- Records of communications
-- ----------------------------
INSERT INTO `communications` VALUES ('1', '3', '1', '2017-08-14 18:31:13', null, null);

-- ----------------------------
-- Table structure for data_rows
-- ----------------------------
DROP TABLE IF EXISTS `data_rows`;
CREATE TABLE `data_rows` (
  `id` int(10) unsigned NOT NULL AUTO_INCREMENT,
  `data_type_id` int(10) unsigned NOT NULL,
  `field` varchar(255) COLLATE utf8_unicode_ci NOT NULL,
  `type` varchar(255) COLLATE utf8_unicode_ci NOT NULL,
  `display_name` varchar(255) COLLATE utf8_unicode_ci NOT NULL,
  `required` tinyint(1) NOT NULL DEFAULT '0',
  `browse` tinyint(1) NOT NULL DEFAULT '1',
  `read` tinyint(1) NOT NULL DEFAULT '1',
  `edit` tinyint(1) NOT NULL DEFAULT '1',
  `add` tinyint(1) NOT NULL DEFAULT '1',
  `delete` tinyint(1) NOT NULL DEFAULT '1',
  `details` text COLLATE utf8_unicode_ci,
  `order` int(11) NOT NULL DEFAULT '1',
  PRIMARY KEY (`id`),
  KEY `data_rows_data_type_id_foreign` (`data_type_id`),
  CONSTRAINT `data_rows_data_type_id_foreign` FOREIGN KEY (`data_type_id`) REFERENCES `data_types` (`id`) ON DELETE CASCADE ON UPDATE CASCADE
) ENGINE=InnoDB AUTO_INCREMENT=148 DEFAULT CHARSET=utf8 COLLATE=utf8_unicode_ci;

-- ----------------------------
-- Records of data_rows
-- ----------------------------
INSERT INTO `data_rows` VALUES ('1', '1', 'id', 'number', 'ID', '1', '0', '0', '0', '0', '0', '', '1');
INSERT INTO `data_rows` VALUES ('2', '1', 'author_id', 'text', 'Author', '1', '0', '1', '1', '0', '1', '', '2');
INSERT INTO `data_rows` VALUES ('3', '1', 'category_id', 'text', 'Category', '1', '0', '1', '1', '1', '0', '', '3');
INSERT INTO `data_rows` VALUES ('4', '1', 'title', 'text', 'Title', '1', '1', '1', '1', '1', '1', '', '4');
INSERT INTO `data_rows` VALUES ('5', '1', 'excerpt', 'text_area', 'excerpt', '1', '0', '1', '1', '1', '1', '', '5');
INSERT INTO `data_rows` VALUES ('6', '1', 'body', 'rich_text_box', 'Body', '1', '0', '1', '1', '1', '1', '', '6');
INSERT INTO `data_rows` VALUES ('7', '1', 'image', 'image', 'Post Image', '0', '1', '1', '1', '1', '1', '\n{\n    \"resize\": {\n        \"width\": \"1000\",\n        \"height\": \"null\"\n    },\n    \"quality\": \"70%\",\n    \"upsize\": true,\n    \"thumbnails\": [\n        {\n            \"name\": \"medium\",\n            \"scale\": \"50%\"\n        },\n        {\n            \"name\": \"small\",\n            \"scale\": \"25%\"\n        },\n        {\n            \"name\": \"cropped\",\n            \"crop\": {\n                \"width\": \"300\",\n                \"height\": \"250\"\n            }\n        }\n    ]\n}', '7');
INSERT INTO `data_rows` VALUES ('8', '1', 'slug', 'text', 'slug', '1', '0', '1', '1', '1', '1', '\n{\n    \"slugify\": {\n        \"origin\": \"title\",\n        \"forceUpdate\": true\n    }\n}', '8');
INSERT INTO `data_rows` VALUES ('9', '1', 'meta_description', 'text_area', 'meta_description', '1', '0', '1', '1', '1', '1', '', '9');
INSERT INTO `data_rows` VALUES ('10', '1', 'meta_keywords', 'text_area', 'meta_keywords', '1', '0', '1', '1', '1', '1', '', '10');
INSERT INTO `data_rows` VALUES ('11', '1', 'status', 'select_dropdown', 'status', '1', '1', '1', '1', '1', '1', '\n{\n    \"default\": \"DRAFT\",\n    \"options\": {\n        \"PUBLISHED\": \"published\",\n        \"DRAFT\": \"draft\",\n        \"PENDING\": \"pending\"\n    }\n}', '11');
INSERT INTO `data_rows` VALUES ('12', '1', 'created_at', 'timestamp', 'created_at', '0', '1', '1', '0', '0', '0', '', '12');
INSERT INTO `data_rows` VALUES ('13', '1', 'updated_at', 'timestamp', 'updated_at', '0', '0', '0', '0', '0', '0', '', '13');
INSERT INTO `data_rows` VALUES ('14', '2', 'id', 'number', 'id', '1', '0', '0', '0', '0', '0', '', '1');
INSERT INTO `data_rows` VALUES ('15', '2', 'author_id', 'text', 'author_id', '1', '0', '0', '0', '0', '0', '', '2');
INSERT INTO `data_rows` VALUES ('16', '2', 'title', 'text', 'title', '1', '1', '1', '1', '1', '1', '', '3');
INSERT INTO `data_rows` VALUES ('17', '2', 'excerpt', 'text_area', 'excerpt', '1', '0', '1', '1', '1', '1', '', '4');
INSERT INTO `data_rows` VALUES ('18', '2', 'body', 'rich_text_box', 'body', '1', '0', '1', '1', '1', '1', '', '5');
INSERT INTO `data_rows` VALUES ('19', '2', 'slug', 'text', 'slug', '1', '0', '1', '1', '1', '1', '{\"slugify\":{\"origin\":\"title\"}}', '6');
INSERT INTO `data_rows` VALUES ('20', '2', 'meta_description', 'text', 'meta_description', '1', '0', '1', '1', '1', '1', '', '7');
INSERT INTO `data_rows` VALUES ('21', '2', 'meta_keywords', 'text', 'meta_keywords', '1', '0', '1', '1', '1', '1', '', '8');
INSERT INTO `data_rows` VALUES ('22', '2', 'status', 'select_dropdown', 'status', '1', '1', '1', '1', '1', '1', '{\"default\":\"INACTIVE\",\"options\":{\"INACTIVE\":\"INACTIVE\",\"ACTIVE\":\"ACTIVE\"}}', '9');
INSERT INTO `data_rows` VALUES ('23', '2', 'created_at', 'timestamp', 'created_at', '1', '1', '1', '0', '0', '0', '', '10');
INSERT INTO `data_rows` VALUES ('24', '2', 'updated_at', 'timestamp', 'updated_at', '1', '0', '0', '0', '0', '0', '', '11');
INSERT INTO `data_rows` VALUES ('25', '2', 'image', 'image', 'image', '0', '1', '1', '1', '1', '1', '', '12');
INSERT INTO `data_rows` VALUES ('26', '3', 'id', 'number', 'id', '1', '0', '0', '0', '0', '0', '', '1');
INSERT INTO `data_rows` VALUES ('27', '3', 'name', 'text', 'name', '1', '1', '1', '1', '1', '1', '', '2');
INSERT INTO `data_rows` VALUES ('28', '3', 'email', 'text', 'email', '1', '1', '1', '1', '1', '1', '', '3');
INSERT INTO `data_rows` VALUES ('29', '3', 'password', 'password', 'password', '1', '0', '0', '1', '1', '0', '', '4');
INSERT INTO `data_rows` VALUES ('30', '3', 'remember_token', 'text', 'remember_token', '0', '0', '0', '0', '0', '0', '', '5');
INSERT INTO `data_rows` VALUES ('31', '3', 'created_at', 'timestamp', 'created_at', '0', '1', '1', '0', '0', '0', '', '6');
INSERT INTO `data_rows` VALUES ('32', '3', 'updated_at', 'timestamp', 'updated_at', '0', '0', '0', '0', '0', '0', '', '7');
INSERT INTO `data_rows` VALUES ('33', '3', 'avatar', 'image', 'avatar', '0', '1', '1', '1', '1', '1', '', '8');
INSERT INTO `data_rows` VALUES ('34', '5', 'id', 'number', 'id', '1', '0', '0', '0', '0', '0', '', '1');
INSERT INTO `data_rows` VALUES ('35', '5', 'name', 'text', 'name', '1', '1', '1', '1', '1', '1', '', '2');
INSERT INTO `data_rows` VALUES ('36', '5', 'created_at', 'timestamp', 'created_at', '0', '0', '0', '0', '0', '0', '', '3');
INSERT INTO `data_rows` VALUES ('37', '5', 'updated_at', 'timestamp', 'updated_at', '0', '0', '0', '0', '0', '0', '', '4');
INSERT INTO `data_rows` VALUES ('38', '4', 'id', 'number', 'id', '1', '0', '0', '0', '0', '0', '', '1');
INSERT INTO `data_rows` VALUES ('39', '4', 'parent_id', 'select_dropdown', 'parent_id', '0', '0', '1', '1', '1', '1', '{\"default\":\"\",\"null\":\"\",\"options\":{\"\":\"-- None --\"},\"relationship\":{\"key\":\"id\",\"label\":\"name\"}}', '2');
INSERT INTO `data_rows` VALUES ('40', '4', 'order', 'text', 'order', '1', '1', '1', '1', '1', '1', '{\"default\":1}', '3');
INSERT INTO `data_rows` VALUES ('41', '4', 'name', 'text', 'name', '1', '1', '1', '1', '1', '1', '', '4');
INSERT INTO `data_rows` VALUES ('42', '4', 'slug', 'text', 'slug', '1', '1', '1', '1', '1', '1', '', '5');
INSERT INTO `data_rows` VALUES ('43', '4', 'created_at', 'timestamp', 'created_at', '0', '0', '1', '0', '0', '0', '', '6');
INSERT INTO `data_rows` VALUES ('44', '4', 'updated_at', 'timestamp', 'updated_at', '0', '0', '0', '0', '0', '0', '', '7');
INSERT INTO `data_rows` VALUES ('45', '6', 'id', 'number', 'id', '1', '0', '0', '0', '0', '0', '', '1');
INSERT INTO `data_rows` VALUES ('46', '6', 'name', 'text', 'Name', '1', '1', '1', '1', '1', '1', '', '2');
INSERT INTO `data_rows` VALUES ('47', '6', 'created_at', 'timestamp', 'created_at', '0', '0', '0', '0', '0', '0', '', '3');
INSERT INTO `data_rows` VALUES ('48', '6', 'updated_at', 'timestamp', 'updated_at', '0', '0', '0', '0', '0', '0', '', '4');
INSERT INTO `data_rows` VALUES ('49', '6', 'display_name', 'text', 'Display Name', '1', '1', '1', '1', '1', '1', '', '5');
INSERT INTO `data_rows` VALUES ('50', '1', 'seo_title', 'text', 'seo_title', '0', '1', '1', '1', '1', '1', '', '14');
INSERT INTO `data_rows` VALUES ('51', '1', 'featured', 'checkbox', 'featured', '1', '1', '1', '1', '1', '1', '', '15');
INSERT INTO `data_rows` VALUES ('52', '3', 'role_id', 'text', 'role_id', '1', '1', '1', '1', '1', '1', '', '9');
INSERT INTO `data_rows` VALUES ('58', '10', 'id', 'text', 'Id', '1', '1', '1', '0', '0', '0', '', '1');
INSERT INTO `data_rows` VALUES ('59', '10', 'name', 'text', 'Name', '1', '1', '1', '0', '0', '0', '', '2');
INSERT INTO `data_rows` VALUES ('60', '10', 'address', 'text', 'Address', '1', '1', '1', '0', '0', '0', '', '3');
INSERT INTO `data_rows` VALUES ('87', '19', 'id', 'number', 'Id', '1', '0', '0', '0', '0', '0', '', '1');
INSERT INTO `data_rows` VALUES ('88', '19', 'user_id', 'number', 'User Id', '1', '1', '1', '1', '1', '1', '', '2');
INSERT INTO `data_rows` VALUES ('89', '19', 'sum_cost', 'number', 'Sum Cost', '1', '1', '1', '1', '1', '1', '', '3');
INSERT INTO `data_rows` VALUES ('90', '19', 'created_at', 'timestamp', 'Created At', '1', '1', '1', '1', '0', '1', '', '4');
INSERT INTO `data_rows` VALUES ('91', '19', 'paid_at', 'timestamp', 'Paid At', '0', '1', '1', '1', '1', '1', '', '6');
INSERT INTO `data_rows` VALUES ('92', '19', 'updated_at', 'timestamp', 'Updated At', '0', '0', '0', '0', '0', '0', '', '5');
INSERT INTO `data_rows` VALUES ('93', '20', 'id', 'checkbox', 'Id', '1', '1', '1', '0', '0', '0', '', '1');
INSERT INTO `data_rows` VALUES ('94', '20', 'name', 'text', 'Name', '1', '1', '1', '1', '1', '1', '', '2');
INSERT INTO `data_rows` VALUES ('95', '20', 'address', 'text', 'Address', '1', '1', '1', '0', '1', '0', '', '3');
INSERT INTO `data_rows` VALUES ('96', '21', 'id', 'number', 'Id', '1', '1', '1', '1', '0', '0', '', '1');
INSERT INTO `data_rows` VALUES ('97', '21', 'name', 'text', 'Name', '1', '1', '1', '1', '1', '0', '', '2');
INSERT INTO `data_rows` VALUES ('98', '21', 'price', 'number', 'Price', '1', '1', '1', '1', '1', '0', '', '4');
INSERT INTO `data_rows` VALUES ('99', '21', 'weight_type', 'select_dropdown', 'Weight Type', '1', '1', '1', '1', '1', '0', '{\"relationship\":{\"key\":\"id\",\"label\":\"name\"}}', '5');
INSERT INTO `data_rows` VALUES ('100', '21', 'weight', 'number', 'Weight', '1', '1', '1', '1', '1', '1', '', '6');
INSERT INTO `data_rows` VALUES ('101', '21', 'shop_id', 'select_dropdown', 'Shop Id', '1', '1', '1', '1', '1', '1', '{\"relationship\":{\"key\":\"id\",\"label\":\"name\"}}', '7');
INSERT INTO `data_rows` VALUES ('102', '21', 'sale', 'checkbox', 'Sale', '0', '1', '1', '1', '1', '1', '', '8');
INSERT INTO `data_rows` VALUES ('103', '21', 'sale_expiration_date', 'date', 'Sale Expiration Date', '0', '1', '1', '1', '1', '1', '', '11');
INSERT INTO `data_rows` VALUES ('104', '21', 'created_at', 'timestamp', 'Created At', '0', '1', '1', '1', '0', '1', '', '12');
INSERT INTO `data_rows` VALUES ('105', '21', 'updated_at', 'timestamp', 'Updated At', '0', '0', '0', '0', '0', '0', '', '13');
INSERT INTO `data_rows` VALUES ('106', '21', 'img_path', 'image', 'Img Path', '1', '1', '1', '1', '1', '1', '', '14');
INSERT INTO `data_rows` VALUES ('107', '21', 'sale_price', 'number', 'Sale Price', '0', '1', '1', '1', '1', '1', '', '9');
INSERT INTO `data_rows` VALUES ('108', '21', 'type_id', 'select_dropdown', 'Type Id', '1', '1', '1', '1', '1', '0', '{\"relationship\":{\"key\":\"id\",\"label\":\"name\"}}', '3');
INSERT INTO `data_rows` VALUES ('109', '22', 'id', 'number', 'Id', '1', '1', '1', '0', '0', '0', '', '1');
INSERT INTO `data_rows` VALUES ('110', '22', 'name', 'text', 'Name', '1', '1', '1', '1', '1', '0', '', '2');
INSERT INTO `data_rows` VALUES ('111', '22', 'created_at', 'timestamp', 'Created At', '1', '1', '1', '1', '0', '1', '', '3');
INSERT INTO `data_rows` VALUES ('112', '22', 'deleted_at', 'timestamp', 'Deleted At', '0', '1', '1', '1', '0', '0', '', '4');
INSERT INTO `data_rows` VALUES ('113', '22', 'updated_at', 'timestamp', 'Updated At', '0', '0', '0', '0', '0', '0', '', '5');
INSERT INTO `data_rows` VALUES ('114', '23', 'id', 'number', 'Id', '1', '1', '1', '1', '0', '0', '', '1');
INSERT INTO `data_rows` VALUES ('115', '23', 'name', 'text', 'Name', '1', '1', '1', '1', '1', '0', '', '2');
INSERT INTO `data_rows` VALUES ('116', '23', 'created_at', 'timestamp', 'Created At', '1', '1', '1', '1', '0', '0', '', '3');
INSERT INTO `data_rows` VALUES ('117', '23', 'updated_at', 'timestamp', 'Updated At', '0', '0', '0', '0', '0', '0', '', '4');
INSERT INTO `data_rows` VALUES ('118', '23', 'deleted_at', 'timestamp', 'Deleted At', '0', '1', '1', '1', '1', '1', '', '5');
INSERT INTO `data_rows` VALUES ('119', '30', 'id', 'checkbox', 'Id', '1', '1', '1', '0', '0', '0', '', '1');
INSERT INTO `data_rows` VALUES ('120', '30', 'shop_admin', 'select_dropdown', 'Shop Admin', '1', '1', '1', '1', '1', '1', '{\"relationship\":{\"key\":\"id\",\"label\":\"name\"}}', '2');
INSERT INTO `data_rows` VALUES ('121', '30', 'shop_id', 'checkbox', 'Shop Id', '1', '1', '1', '1', '1', '1', '', '3');
INSERT INTO `data_rows` VALUES ('122', '30', 'created_at', 'timestamp', 'Created At', '0', '1', '1', '1', '0', '1', '', '4');
INSERT INTO `data_rows` VALUES ('123', '30', 'updated_at', 'timestamp', 'Updated At', '0', '0', '0', '0', '0', '0', '', '5');
INSERT INTO `data_rows` VALUES ('124', '30', 'deleted_at', 'timestamp', 'Deleted At', '0', '1', '1', '1', '1', '1', '', '6');
INSERT INTO `data_rows` VALUES ('125', '31', 'id', 'checkbox', 'Id', '1', '0', '0', '0', '0', '0', '', '1');
INSERT INTO `data_rows` VALUES ('126', '31', 'user_id', 'checkbox', 'User Id', '1', '1', '1', '1', '1', '1', '', '2');
INSERT INTO `data_rows` VALUES ('127', '31', 'product_id', 'checkbox', 'Product Id', '1', '1', '1', '1', '1', '1', '', '3');
INSERT INTO `data_rows` VALUES ('128', '31', 'product_price', 'checkbox', 'Product Price', '1', '1', '1', '1', '1', '1', '', '4');
INSERT INTO `data_rows` VALUES ('129', '31', 'created_at', 'timestamp', 'Created At', '0', '1', '1', '1', '0', '1', '{\"default\":\"DEFAULT GETDATE()\"}', '5');
INSERT INTO `data_rows` VALUES ('130', '31', 'updated_at', 'timestamp', 'Updated At', '0', '0', '0', '0', '0', '0', '', '6');
INSERT INTO `data_rows` VALUES ('131', '31', 'deleted_at', 'timestamp', 'Deleted At', '0', '1', '1', '1', '1', '1', '', '7');
INSERT INTO `data_rows` VALUES ('132', '21', 'sale_start_date', 'timestamp', 'Sale Start Date', '0', '1', '1', '1', '1', '1', '', '10');
INSERT INTO `data_rows` VALUES ('133', '34', 'id', 'checkbox', 'Id', '1', '0', '0', '0', '0', '0', '', '1');
INSERT INTO `data_rows` VALUES ('134', '34', 'user_id', 'checkbox', 'User Id', '1', '1', '1', '1', '1', '1', '', '2');
INSERT INTO `data_rows` VALUES ('135', '34', 'name', 'checkbox', 'Name', '1', '1', '1', '1', '1', '1', '', '3');
INSERT INTO `data_rows` VALUES ('136', '34', 'status', 'checkbox', 'Status', '1', '1', '1', '1', '1', '1', '', '4');
INSERT INTO `data_rows` VALUES ('137', '34', 'created_at', 'timestamp', 'Created At', '0', '1', '1', '1', '0', '1', '', '5');
INSERT INTO `data_rows` VALUES ('138', '34', 'updated_at', 'timestamp', 'Updated At', '0', '0', '0', '0', '0', '0', '', '6');
INSERT INTO `data_rows` VALUES ('139', '34', 'deleted_at', 'timestamp', 'Deleted At', '0', '1', '1', '1', '1', '1', '', '7');
INSERT INTO `data_rows` VALUES ('140', '36', 'id', 'checkbox', 'Id', '1', '0', '0', '0', '0', '0', '', '1');
INSERT INTO `data_rows` VALUES ('141', '36', 'user_id', 'checkbox', 'User Id', '0', '1', '1', '1', '1', '1', '', '2');
INSERT INTO `data_rows` VALUES ('142', '36', 'product_id', 'checkbox', 'Product Id', '0', '1', '1', '1', '1', '1', '', '3');
INSERT INTO `data_rows` VALUES ('143', '36', 'count', 'checkbox', 'Count', '0', '1', '1', '1', '1', '1', '', '4');
INSERT INTO `data_rows` VALUES ('144', '36', 'booking_code', 'checkbox', 'Booking Code', '0', '1', '1', '1', '1', '1', '', '5');
INSERT INTO `data_rows` VALUES ('145', '36', 'created_at', 'timestamp', 'Created At', '0', '1', '1', '1', '0', '1', '', '6');
INSERT INTO `data_rows` VALUES ('146', '36', 'updated_at', 'timestamp', 'Updated At', '0', '0', '0', '0', '0', '0', '', '7');
INSERT INTO `data_rows` VALUES ('147', '36', 'deleted_at', 'timestamp', 'Deleted At', '0', '1', '1', '1', '1', '1', '', '8');

-- ----------------------------
-- Table structure for data_types
-- ----------------------------
DROP TABLE IF EXISTS `data_types`;
CREATE TABLE `data_types` (
  `id` int(10) unsigned NOT NULL AUTO_INCREMENT,
  `name` varchar(255) COLLATE utf8_unicode_ci NOT NULL,
  `slug` varchar(255) COLLATE utf8_unicode_ci NOT NULL,
  `display_name_singular` varchar(255) COLLATE utf8_unicode_ci NOT NULL,
  `display_name_plural` varchar(255) COLLATE utf8_unicode_ci NOT NULL,
  `icon` varchar(255) COLLATE utf8_unicode_ci DEFAULT NULL,
  `model_name` varchar(255) COLLATE utf8_unicode_ci DEFAULT NULL,
  `controller` varchar(255) COLLATE utf8_unicode_ci DEFAULT NULL,
  `description` varchar(255) COLLATE utf8_unicode_ci DEFAULT NULL,
  `generate_permissions` tinyint(1) NOT NULL DEFAULT '0',
  `server_side` tinyint(4) NOT NULL DEFAULT '0',
  `created_at` timestamp NULL DEFAULT NULL,
  `updated_at` timestamp NULL DEFAULT NULL,
  PRIMARY KEY (`id`),
  UNIQUE KEY `data_types_name_unique` (`name`),
  UNIQUE KEY `data_types_slug_unique` (`slug`)
) ENGINE=InnoDB AUTO_INCREMENT=37 DEFAULT CHARSET=utf8 COLLATE=utf8_unicode_ci;

-- ----------------------------
-- Records of data_types
-- ----------------------------
INSERT INTO `data_types` VALUES ('1', 'posts', 'posts', 'Post', 'Posts', 'voyager-news', 'TCG\\Voyager\\Models\\Post', '', '', '1', '0', '2017-08-07 08:03:40', '2017-08-07 08:03:40');
INSERT INTO `data_types` VALUES ('2', 'pages', 'pages', 'Page', 'Pages', 'voyager-file-text', 'TCG\\Voyager\\Models\\Page', '', '', '1', '0', '2017-08-07 08:03:40', '2017-08-07 08:03:40');
INSERT INTO `data_types` VALUES ('3', 'users', 'users', 'User', 'Users', 'voyager-person', 'TCG\\Voyager\\Models\\User', '', '', '1', '0', '2017-08-07 08:03:40', '2017-08-07 08:03:40');
INSERT INTO `data_types` VALUES ('4', 'categories', 'categories', 'Category', 'Categories', 'voyager-categories', 'TCG\\Voyager\\Models\\Category', '', '', '1', '0', '2017-08-07 08:03:40', '2017-08-07 08:03:40');
INSERT INTO `data_types` VALUES ('5', 'menus', 'menus', 'Menu', 'Menus', 'voyager-list', 'TCG\\Voyager\\Models\\Menu', '', '', '1', '0', '2017-08-07 08:03:40', '2017-08-07 08:03:40');
INSERT INTO `data_types` VALUES ('6', 'roles', 'roles', 'Role', 'Roles', 'voyager-lock', 'TCG\\Voyager\\Models\\Role', '', '', '1', '0', '2017-08-07 08:03:40', '2017-08-07 08:03:40');
INSERT INTO `data_types` VALUES ('10', 'shop', 'shop', 'Shop', 'Shops', 'voyager-shop', 'App\\Shop', '', '', '1', '0', '2017-08-07 13:19:40', '2017-08-07 13:19:40');
INSERT INTO `data_types` VALUES ('19', 'baskets', 'baskets', 'Basket', 'Baskets', '', 'App\\Basket', '', '', '1', '0', '2017-08-11 12:06:13', '2017-08-11 12:06:13');
INSERT INTO `data_types` VALUES ('20', 'shops', 'shops', 'Shops', 'Shops', '', 'App\\Shop', '', '', '1', '0', '2017-08-11 12:35:44', '2017-08-11 12:35:44');
INSERT INTO `data_types` VALUES ('21', 'products', 'products', 'Products', 'Products', '', 'App\\Product', '', '', '1', '0', '2017-08-11 12:46:11', '2017-08-11 12:46:11');
INSERT INTO `data_types` VALUES ('22', 'product_types', 'product-types', 'Product Type', 'Product Types', '', 'App\\ProductType', '', '', '1', '0', '2017-08-14 08:14:59', '2017-08-14 08:14:59');
INSERT INTO `data_types` VALUES ('23', 'weight_types', 'weight-types', 'Weight Type', 'Weight Types', '', 'App\\WeightType', '', '', '1', '0', '2017-08-14 09:08:53', '2017-08-14 09:08:53');
INSERT INTO `data_types` VALUES ('30', 'communications', 'communications', 'Communication', 'Communications', '', 'App\\Communication', '', '', '1', '0', '2017-08-14 15:28:05', '2017-08-14 15:28:05');
INSERT INTO `data_types` VALUES ('31', 'basket_infos', 'basket-infos', 'Basket Info', 'Basket Infos', '', 'App\\BasketInfo', '', '', '1', '0', '2017-11-27 17:59:41', '2017-11-27 17:59:41');
INSERT INTO `data_types` VALUES ('34', 'template', 'template', 'Template', 'Templates', '', 'App\\Template', '', '', '1', '0', '2017-12-01 11:50:42', '2017-12-01 11:50:42');
INSERT INTO `data_types` VALUES ('36', 'booking_query', 'booking-query', 'Booking Query', 'Booking Queries', '', 'App\\BookingQuery', '', '', '1', '0', '2017-12-08 20:19:25', '2017-12-08 20:19:25');

-- ----------------------------
-- Table structure for menu_items
-- ----------------------------
DROP TABLE IF EXISTS `menu_items`;
CREATE TABLE `menu_items` (
  `id` int(10) unsigned NOT NULL AUTO_INCREMENT,
  `menu_id` int(10) unsigned DEFAULT NULL,
  `title` varchar(255) COLLATE utf8_unicode_ci NOT NULL,
  `url` varchar(255) COLLATE utf8_unicode_ci NOT NULL,
  `target` varchar(255) COLLATE utf8_unicode_ci NOT NULL DEFAULT '_self',
  `icon_class` varchar(255) COLLATE utf8_unicode_ci DEFAULT NULL,
  `color` varchar(255) COLLATE utf8_unicode_ci DEFAULT NULL,
  `parent_id` int(11) DEFAULT NULL,
  `order` int(11) NOT NULL,
  `created_at` timestamp NULL DEFAULT NULL,
  `updated_at` timestamp NULL DEFAULT NULL,
  `route` varchar(255) COLLATE utf8_unicode_ci DEFAULT NULL,
  `parameters` text COLLATE utf8_unicode_ci,
  PRIMARY KEY (`id`),
  KEY `menu_items_menu_id_foreign` (`menu_id`),
  CONSTRAINT `menu_items_menu_id_foreign` FOREIGN KEY (`menu_id`) REFERENCES `menus` (`id`) ON DELETE CASCADE
) ENGINE=InnoDB AUTO_INCREMENT=19 DEFAULT CHARSET=utf8 COLLATE=utf8_unicode_ci;

-- ----------------------------
-- Records of menu_items
-- ----------------------------
INSERT INTO `menu_items` VALUES ('1', '1', 'Dashboard', '/admin', '_self', 'voyager-boat', null, null, '1', '2017-08-07 08:03:41', '2017-08-07 08:03:41', null, null);
INSERT INTO `menu_items` VALUES ('2', '1', 'Media', '/admin/media', '_self', 'voyager-images', null, null, '4', '2017-08-07 08:03:41', '2017-08-11 10:28:50', null, null);
INSERT INTO `menu_items` VALUES ('3', '1', 'Posts', '/admin/posts', '_self', 'voyager-news', null, null, '5', '2017-08-07 08:03:41', '2017-08-11 10:28:50', null, null);
INSERT INTO `menu_items` VALUES ('4', '1', 'Users', '/admin/users', '_self', 'voyager-person', null, null, '3', '2017-08-07 08:03:41', '2017-08-07 08:03:41', null, null);
INSERT INTO `menu_items` VALUES ('5', '1', 'Categories', '/admin/categories', '_self', 'voyager-categories', null, null, '7', '2017-08-07 08:03:41', '2017-08-11 10:28:50', null, null);
INSERT INTO `menu_items` VALUES ('6', '1', 'Pages', '/admin/pages', '_self', 'voyager-file-text', null, null, '6', '2017-08-07 08:03:41', '2017-08-11 10:28:50', null, null);
INSERT INTO `menu_items` VALUES ('7', '1', 'Roles', '/admin/roles', '_self', 'voyager-lock', null, null, '2', '2017-08-07 08:03:41', '2017-08-07 08:03:41', null, null);
INSERT INTO `menu_items` VALUES ('8', '1', 'Tools', '', '_self', 'voyager-tools', null, null, '8', '2017-08-07 08:03:41', '2017-08-11 10:28:50', null, null);
INSERT INTO `menu_items` VALUES ('9', '1', 'Menu Builder', '/admin/menus', '_self', 'voyager-list', null, '8', '1', '2017-08-07 08:03:41', '2017-08-11 10:28:50', null, null);
INSERT INTO `menu_items` VALUES ('10', '1', 'Database', '/admin/database', '_self', 'voyager-data', null, '8', '2', '2017-08-07 08:03:41', '2017-08-11 10:28:50', null, null);
INSERT INTO `menu_items` VALUES ('11', '1', 'Settings', '/admin/settings', '_self', 'voyager-settings', null, null, '9', '2017-08-07 08:03:41', '2017-08-11 10:28:50', null, null);
INSERT INTO `menu_items` VALUES ('13', '1', 'Basket', '/admin/baskets', '_self', '', '#000000', null, '10', '2017-08-11 10:17:13', '2017-08-11 12:07:08', null, '');
INSERT INTO `menu_items` VALUES ('16', '1', 'Shops', '/admin/shops', '_self', '', '#000000', null, '11', '2017-08-11 12:48:39', '2017-08-11 12:48:39', null, '');
INSERT INTO `menu_items` VALUES ('17', '1', 'Products', '/admin/products', '_self', '', '#000000', null, '12', '2017-08-11 13:06:46', '2017-08-11 13:06:46', null, '');
INSERT INTO `menu_items` VALUES ('18', '1', 'Product Types', 'admin/product-types', '_self', '', '#000000', null, '13', '2017-08-14 08:22:15', '2017-08-14 08:33:59', null, '');

-- ----------------------------
-- Table structure for menus
-- ----------------------------
DROP TABLE IF EXISTS `menus`;
CREATE TABLE `menus` (
  `id` int(10) unsigned NOT NULL AUTO_INCREMENT,
  `name` varchar(255) COLLATE utf8_unicode_ci NOT NULL,
  `created_at` timestamp NULL DEFAULT NULL,
  `updated_at` timestamp NULL DEFAULT NULL,
  PRIMARY KEY (`id`),
  UNIQUE KEY `menus_name_unique` (`name`)
) ENGINE=InnoDB AUTO_INCREMENT=2 DEFAULT CHARSET=utf8 COLLATE=utf8_unicode_ci;

-- ----------------------------
-- Records of menus
-- ----------------------------
INSERT INTO `menus` VALUES ('1', 'admin', '2017-08-07 08:03:41', '2017-08-07 08:03:41');

-- ----------------------------
-- Table structure for migrations
-- ----------------------------
DROP TABLE IF EXISTS `migrations`;
CREATE TABLE `migrations` (
  `id` int(10) unsigned NOT NULL AUTO_INCREMENT,
  `migration` varchar(255) COLLATE utf8_unicode_ci NOT NULL,
  `batch` int(11) NOT NULL,
  PRIMARY KEY (`id`)
) ENGINE=InnoDB AUTO_INCREMENT=22 DEFAULT CHARSET=utf8 COLLATE=utf8_unicode_ci;

-- ----------------------------
-- Records of migrations
-- ----------------------------
INSERT INTO `migrations` VALUES ('1', '2014_10_12_000000_create_users_table', '1');
INSERT INTO `migrations` VALUES ('2', '2014_10_12_100000_create_password_resets_table', '1');
INSERT INTO `migrations` VALUES ('3', '2016_01_01_000000_add_voyager_user_fields', '1');
INSERT INTO `migrations` VALUES ('4', '2016_01_01_000000_create_data_types_table', '1');
INSERT INTO `migrations` VALUES ('5', '2016_01_01_000000_create_pages_table', '1');
INSERT INTO `migrations` VALUES ('6', '2016_01_01_000000_create_posts_table', '1');
INSERT INTO `migrations` VALUES ('7', '2016_02_15_204651_create_categories_table', '1');
INSERT INTO `migrations` VALUES ('8', '2016_05_19_173453_create_menu_table', '1');
INSERT INTO `migrations` VALUES ('9', '2016_10_21_190000_create_roles_table', '1');
INSERT INTO `migrations` VALUES ('10', '2016_10_21_190000_create_settings_table', '1');
INSERT INTO `migrations` VALUES ('11', '2016_11_30_135954_create_permission_table', '1');
INSERT INTO `migrations` VALUES ('12', '2016_11_30_141208_create_permission_role_table', '1');
INSERT INTO `migrations` VALUES ('13', '2016_12_26_201236_data_types__add__server_side', '1');
INSERT INTO `migrations` VALUES ('14', '2017_01_13_000000_add_route_to_menu_items_table', '1');
INSERT INTO `migrations` VALUES ('15', '2017_01_14_005015_create_translations_table', '1');
INSERT INTO `migrations` VALUES ('16', '2017_01_15_000000_add_permission_group_id_to_permissions_table', '1');
INSERT INTO `migrations` VALUES ('17', '2017_01_15_000000_create_permission_groups_table', '1');
INSERT INTO `migrations` VALUES ('18', '2017_01_15_000000_make_table_name_nullable_in_permissions_table', '1');
INSERT INTO `migrations` VALUES ('19', '2017_03_06_000000_add_controller_to_data_types_table', '1');
INSERT INTO `migrations` VALUES ('20', '2017_04_21_000000_add_order_to_data_rows_table', '1');
INSERT INTO `migrations` VALUES ('21', '2018_05_24_125701_create_sessions_table', '2');

-- ----------------------------
-- Table structure for packages
-- ----------------------------
DROP TABLE IF EXISTS `packages`;
CREATE TABLE `packages` (
  `id` int(10) unsigned NOT NULL AUTO_INCREMENT,
  `name` varchar(255) COLLATE utf8_unicode_ci DEFAULT NULL,
  `created_at` timestamp NULL DEFAULT NULL,
  `updated_at` timestamp NULL DEFAULT NULL,
  `deleted_at` timestamp NULL DEFAULT NULL,
  `deadline` datetime NOT NULL,
  PRIMARY KEY (`id`)
) ENGINE=InnoDB DEFAULT CHARSET=utf8 COLLATE=utf8_unicode_ci;

-- ----------------------------
-- Records of packages
-- ----------------------------

-- ----------------------------
-- Table structure for pages
-- ----------------------------
DROP TABLE IF EXISTS `pages`;
CREATE TABLE `pages` (
  `id` int(10) unsigned NOT NULL AUTO_INCREMENT,
  `author_id` int(11) NOT NULL,
  `title` varchar(255) COLLATE utf8_unicode_ci NOT NULL,
  `excerpt` text COLLATE utf8_unicode_ci,
  `body` text COLLATE utf8_unicode_ci,
  `image` varchar(255) COLLATE utf8_unicode_ci DEFAULT NULL,
  `slug` varchar(255) COLLATE utf8_unicode_ci NOT NULL,
  `meta_description` text COLLATE utf8_unicode_ci,
  `meta_keywords` text COLLATE utf8_unicode_ci,
  `status` enum('ACTIVE','INACTIVE') COLLATE utf8_unicode_ci NOT NULL DEFAULT 'INACTIVE',
  `created_at` timestamp NULL DEFAULT NULL,
  `updated_at` timestamp NULL DEFAULT NULL,
  PRIMARY KEY (`id`),
  UNIQUE KEY `pages_slug_unique` (`slug`)
) ENGINE=InnoDB AUTO_INCREMENT=2 DEFAULT CHARSET=utf8 COLLATE=utf8_unicode_ci;

-- ----------------------------
-- Records of pages
-- ----------------------------
INSERT INTO `pages` VALUES ('1', '0', 'Hello World', 'Hang the jib grog grog blossom grapple dance the hempen jig gangway pressgang bilge rat to go on account lugger. Nelsons folly gabion line draught scallywag fire ship gaff fluke fathom case shot. Sea Legs bilge rat sloop matey gabion long clothes run a shot across the bow Gold Road cog league.', '<p>Hello World. Scallywag grog swab Cat o\'nine tails scuttle rigging hardtack cable nipper Yellow Jack. Handsomely spirits knave lad killick landlubber or just lubber deadlights chantey pinnace crack Jennys tea cup. Provost long clothes black spot Yellow Jack bilged on her anchor league lateen sail case shot lee tackle.</p>\n<p>Ballast spirits fluke topmast me quarterdeck schooner landlubber or just lubber gabion belaying pin. Pinnace stern galleon starboard warp carouser to go on account dance the hempen jig jolly boat measured fer yer chains. Man-of-war fire in the hole nipperkin handsomely doubloon barkadeer Brethren of the Coast gibbet driver squiffy.</p>', 'pages/AAgCCnqHfLlRub9syUdw.jpg', 'hello-world', 'Yar Meta Description', 'Keyword1, Keyword2', 'ACTIVE', '2017-08-07 08:03:42', '2017-08-07 08:03:42');

-- ----------------------------
-- Table structure for password_resets
-- ----------------------------
DROP TABLE IF EXISTS `password_resets`;
CREATE TABLE `password_resets` (
  `email` varchar(255) COLLATE utf8_unicode_ci NOT NULL,
  `token` varchar(255) COLLATE utf8_unicode_ci NOT NULL,
  `created_at` timestamp NULL DEFAULT NULL,
  KEY `password_resets_email_index` (`email`),
  KEY `password_resets_token_index` (`token`)
) ENGINE=InnoDB DEFAULT CHARSET=utf8 COLLATE=utf8_unicode_ci;

-- ----------------------------
-- Records of password_resets
-- ----------------------------

-- ----------------------------
-- Table structure for permission_groups
-- ----------------------------
DROP TABLE IF EXISTS `permission_groups`;
CREATE TABLE `permission_groups` (
  `id` int(10) unsigned NOT NULL AUTO_INCREMENT,
  `name` varchar(255) COLLATE utf8_unicode_ci NOT NULL,
  PRIMARY KEY (`id`),
  UNIQUE KEY `permission_groups_name_unique` (`name`)
) ENGINE=InnoDB DEFAULT CHARSET=utf8 COLLATE=utf8_unicode_ci;

-- ----------------------------
-- Records of permission_groups
-- ----------------------------

-- ----------------------------
-- Table structure for permission_role
-- ----------------------------
DROP TABLE IF EXISTS `permission_role`;
CREATE TABLE `permission_role` (
  `permission_id` int(10) unsigned NOT NULL,
  `role_id` int(10) unsigned NOT NULL,
  PRIMARY KEY (`permission_id`,`role_id`),
  KEY `permission_role_permission_id_index` (`permission_id`),
  KEY `permission_role_role_id_index` (`role_id`),
  CONSTRAINT `permission_role_permission_id_foreign` FOREIGN KEY (`permission_id`) REFERENCES `permissions` (`id`) ON DELETE CASCADE,
  CONSTRAINT `permission_role_role_id_foreign` FOREIGN KEY (`role_id`) REFERENCES `roles` (`id`) ON DELETE CASCADE
) ENGINE=InnoDB DEFAULT CHARSET=utf8 COLLATE=utf8_unicode_ci;

-- ----------------------------
-- Records of permission_role
-- ----------------------------
INSERT INTO `permission_role` VALUES ('1', '1');
INSERT INTO `permission_role` VALUES ('1', '3');
INSERT INTO `permission_role` VALUES ('2', '1');
INSERT INTO `permission_role` VALUES ('3', '1');
INSERT INTO `permission_role` VALUES ('3', '3');
INSERT INTO `permission_role` VALUES ('4', '1');
INSERT INTO `permission_role` VALUES ('4', '3');
INSERT INTO `permission_role` VALUES ('5', '1');
INSERT INTO `permission_role` VALUES ('5', '3');
INSERT INTO `permission_role` VALUES ('6', '1');
INSERT INTO `permission_role` VALUES ('6', '3');
INSERT INTO `permission_role` VALUES ('7', '1');
INSERT INTO `permission_role` VALUES ('8', '1');
INSERT INTO `permission_role` VALUES ('9', '1');
INSERT INTO `permission_role` VALUES ('10', '1');
INSERT INTO `permission_role` VALUES ('10', '3');
INSERT INTO `permission_role` VALUES ('11', '1');
INSERT INTO `permission_role` VALUES ('11', '3');
INSERT INTO `permission_role` VALUES ('12', '1');
INSERT INTO `permission_role` VALUES ('13', '1');
INSERT INTO `permission_role` VALUES ('14', '1');
INSERT INTO `permission_role` VALUES ('15', '1');
INSERT INTO `permission_role` VALUES ('16', '1');
INSERT INTO `permission_role` VALUES ('17', '1');
INSERT INTO `permission_role` VALUES ('18', '1');
INSERT INTO `permission_role` VALUES ('19', '1');
INSERT INTO `permission_role` VALUES ('20', '1');
INSERT INTO `permission_role` VALUES ('20', '3');
INSERT INTO `permission_role` VALUES ('21', '1');
INSERT INTO `permission_role` VALUES ('21', '3');
INSERT INTO `permission_role` VALUES ('22', '1');
INSERT INTO `permission_role` VALUES ('23', '1');
INSERT INTO `permission_role` VALUES ('24', '1');
INSERT INTO `permission_role` VALUES ('25', '1');
INSERT INTO `permission_role` VALUES ('25', '3');
INSERT INTO `permission_role` VALUES ('26', '1');
INSERT INTO `permission_role` VALUES ('26', '3');
INSERT INTO `permission_role` VALUES ('27', '1');
INSERT INTO `permission_role` VALUES ('28', '1');
INSERT INTO `permission_role` VALUES ('29', '1');
INSERT INTO `permission_role` VALUES ('30', '1');
INSERT INTO `permission_role` VALUES ('31', '1');
INSERT INTO `permission_role` VALUES ('32', '1');
INSERT INTO `permission_role` VALUES ('33', '1');
INSERT INTO `permission_role` VALUES ('34', '1');
INSERT INTO `permission_role` VALUES ('40', '1');
INSERT INTO `permission_role` VALUES ('40', '3');
INSERT INTO `permission_role` VALUES ('41', '1');
INSERT INTO `permission_role` VALUES ('41', '3');
INSERT INTO `permission_role` VALUES ('42', '1');
INSERT INTO `permission_role` VALUES ('43', '1');
INSERT INTO `permission_role` VALUES ('44', '1');
INSERT INTO `permission_role` VALUES ('70', '1');
INSERT INTO `permission_role` VALUES ('70', '3');
INSERT INTO `permission_role` VALUES ('71', '1');
INSERT INTO `permission_role` VALUES ('71', '3');
INSERT INTO `permission_role` VALUES ('72', '1');
INSERT INTO `permission_role` VALUES ('72', '3');
INSERT INTO `permission_role` VALUES ('73', '1');
INSERT INTO `permission_role` VALUES ('73', '3');
INSERT INTO `permission_role` VALUES ('74', '1');
INSERT INTO `permission_role` VALUES ('74', '3');
INSERT INTO `permission_role` VALUES ('75', '1');
INSERT INTO `permission_role` VALUES ('75', '3');
INSERT INTO `permission_role` VALUES ('76', '1');
INSERT INTO `permission_role` VALUES ('76', '3');
INSERT INTO `permission_role` VALUES ('77', '1');
INSERT INTO `permission_role` VALUES ('78', '1');
INSERT INTO `permission_role` VALUES ('79', '1');
INSERT INTO `permission_role` VALUES ('80', '1');
INSERT INTO `permission_role` VALUES ('80', '3');
INSERT INTO `permission_role` VALUES ('81', '1');
INSERT INTO `permission_role` VALUES ('81', '3');
INSERT INTO `permission_role` VALUES ('82', '1');
INSERT INTO `permission_role` VALUES ('82', '3');
INSERT INTO `permission_role` VALUES ('83', '1');
INSERT INTO `permission_role` VALUES ('83', '3');
INSERT INTO `permission_role` VALUES ('84', '1');
INSERT INTO `permission_role` VALUES ('84', '3');
INSERT INTO `permission_role` VALUES ('85', '1');
INSERT INTO `permission_role` VALUES ('85', '3');
INSERT INTO `permission_role` VALUES ('86', '1');
INSERT INTO `permission_role` VALUES ('86', '3');
INSERT INTO `permission_role` VALUES ('87', '1');
INSERT INTO `permission_role` VALUES ('88', '1');
INSERT INTO `permission_role` VALUES ('89', '1');
INSERT INTO `permission_role` VALUES ('90', '1');
INSERT INTO `permission_role` VALUES ('90', '3');
INSERT INTO `permission_role` VALUES ('91', '1');
INSERT INTO `permission_role` VALUES ('91', '3');
INSERT INTO `permission_role` VALUES ('92', '1');
INSERT INTO `permission_role` VALUES ('93', '1');
INSERT INTO `permission_role` VALUES ('94', '1');
INSERT INTO `permission_role` VALUES ('95', '1');
INSERT INTO `permission_role` VALUES ('95', '3');
INSERT INTO `permission_role` VALUES ('96', '1');
INSERT INTO `permission_role` VALUES ('96', '3');
INSERT INTO `permission_role` VALUES ('97', '1');
INSERT INTO `permission_role` VALUES ('98', '1');
INSERT INTO `permission_role` VALUES ('99', '1');

-- ----------------------------
-- Table structure for permissions
-- ----------------------------
DROP TABLE IF EXISTS `permissions`;
CREATE TABLE `permissions` (
  `id` int(10) unsigned NOT NULL AUTO_INCREMENT,
  `key` varchar(255) COLLATE utf8_unicode_ci NOT NULL,
  `table_name` varchar(255) COLLATE utf8_unicode_ci DEFAULT NULL,
  `created_at` timestamp NULL DEFAULT NULL,
  `updated_at` timestamp NULL DEFAULT NULL,
  `permission_group_id` int(10) unsigned DEFAULT NULL,
  PRIMARY KEY (`id`),
  KEY `permissions_key_index` (`key`)
) ENGINE=InnoDB AUTO_INCREMENT=115 DEFAULT CHARSET=utf8 COLLATE=utf8_unicode_ci;

-- ----------------------------
-- Records of permissions
-- ----------------------------
INSERT INTO `permissions` VALUES ('1', 'browse_admin', null, '2017-08-07 08:03:41', '2017-08-07 08:03:41', null);
INSERT INTO `permissions` VALUES ('2', 'browse_database', null, '2017-08-07 08:03:41', '2017-08-07 08:03:41', null);
INSERT INTO `permissions` VALUES ('3', 'browse_media', null, '2017-08-07 08:03:41', '2017-08-07 08:03:41', null);
INSERT INTO `permissions` VALUES ('4', 'browse_settings', null, '2017-08-07 08:03:41', '2017-08-07 08:03:41', null);
INSERT INTO `permissions` VALUES ('5', 'browse_menus', 'menus', '2017-08-07 08:03:41', '2017-08-07 08:03:41', null);
INSERT INTO `permissions` VALUES ('6', 'read_menus', 'menus', '2017-08-07 08:03:41', '2017-08-07 08:03:41', null);
INSERT INTO `permissions` VALUES ('7', 'edit_menus', 'menus', '2017-08-07 08:03:41', '2017-08-07 08:03:41', null);
INSERT INTO `permissions` VALUES ('8', 'add_menus', 'menus', '2017-08-07 08:03:41', '2017-08-07 08:03:41', null);
INSERT INTO `permissions` VALUES ('9', 'delete_menus', 'menus', '2017-08-07 08:03:41', '2017-08-07 08:03:41', null);
INSERT INTO `permissions` VALUES ('10', 'browse_pages', 'pages', '2017-08-07 08:03:41', '2017-08-07 08:03:41', null);
INSERT INTO `permissions` VALUES ('11', 'read_pages', 'pages', '2017-08-07 08:03:41', '2017-08-07 08:03:41', null);
INSERT INTO `permissions` VALUES ('12', 'edit_pages', 'pages', '2017-08-07 08:03:41', '2017-08-07 08:03:41', null);
INSERT INTO `permissions` VALUES ('13', 'add_pages', 'pages', '2017-08-07 08:03:41', '2017-08-07 08:03:41', null);
INSERT INTO `permissions` VALUES ('14', 'delete_pages', 'pages', '2017-08-07 08:03:41', '2017-08-07 08:03:41', null);
INSERT INTO `permissions` VALUES ('15', 'browse_roles', 'roles', '2017-08-07 08:03:41', '2017-08-07 08:03:41', null);
INSERT INTO `permissions` VALUES ('16', 'read_roles', 'roles', '2017-08-07 08:03:41', '2017-08-07 08:03:41', null);
INSERT INTO `permissions` VALUES ('17', 'edit_roles', 'roles', '2017-08-07 08:03:41', '2017-08-07 08:03:41', null);
INSERT INTO `permissions` VALUES ('18', 'add_roles', 'roles', '2017-08-07 08:03:41', '2017-08-07 08:03:41', null);
INSERT INTO `permissions` VALUES ('19', 'delete_roles', 'roles', '2017-08-07 08:03:41', '2017-08-07 08:03:41', null);
INSERT INTO `permissions` VALUES ('20', 'browse_users', 'users', '2017-08-07 08:03:41', '2017-08-07 08:03:41', null);
INSERT INTO `permissions` VALUES ('21', 'read_users', 'users', '2017-08-07 08:03:41', '2017-08-07 08:03:41', null);
INSERT INTO `permissions` VALUES ('22', 'edit_users', 'users', '2017-08-07 08:03:41', '2017-08-07 08:03:41', null);
INSERT INTO `permissions` VALUES ('23', 'add_users', 'users', '2017-08-07 08:03:41', '2017-08-07 08:03:41', null);
INSERT INTO `permissions` VALUES ('24', 'delete_users', 'users', '2017-08-07 08:03:41', '2017-08-07 08:03:41', null);
INSERT INTO `permissions` VALUES ('25', 'browse_posts', 'posts', '2017-08-07 08:03:41', '2017-08-07 08:03:41', null);
INSERT INTO `permissions` VALUES ('26', 'read_posts', 'posts', '2017-08-07 08:03:41', '2017-08-07 08:03:41', null);
INSERT INTO `permissions` VALUES ('27', 'edit_posts', 'posts', '2017-08-07 08:03:41', '2017-08-07 08:03:41', null);
INSERT INTO `permissions` VALUES ('28', 'add_posts', 'posts', '2017-08-07 08:03:41', '2017-08-07 08:03:41', null);
INSERT INTO `permissions` VALUES ('29', 'delete_posts', 'posts', '2017-08-07 08:03:41', '2017-08-07 08:03:41', null);
INSERT INTO `permissions` VALUES ('30', 'browse_categories', 'categories', '2017-08-07 08:03:41', '2017-08-07 08:03:41', null);
INSERT INTO `permissions` VALUES ('31', 'read_categories', 'categories', '2017-08-07 08:03:41', '2017-08-07 08:03:41', null);
INSERT INTO `permissions` VALUES ('32', 'edit_categories', 'categories', '2017-08-07 08:03:41', '2017-08-07 08:03:41', null);
INSERT INTO `permissions` VALUES ('33', 'add_categories', 'categories', '2017-08-07 08:03:41', '2017-08-07 08:03:41', null);
INSERT INTO `permissions` VALUES ('34', 'delete_categories', 'categories', '2017-08-07 08:03:41', '2017-08-07 08:03:41', null);
INSERT INTO `permissions` VALUES ('40', 'browse_shop', 'shop', '2017-08-07 13:19:40', '2017-08-07 13:19:40', null);
INSERT INTO `permissions` VALUES ('41', 'read_shop', 'shop', '2017-08-07 13:19:40', '2017-08-07 13:19:40', null);
INSERT INTO `permissions` VALUES ('42', 'edit_shop', 'shop', '2017-08-07 13:19:40', '2017-08-07 13:19:40', null);
INSERT INTO `permissions` VALUES ('43', 'add_shop', 'shop', '2017-08-07 13:19:40', '2017-08-07 13:19:40', null);
INSERT INTO `permissions` VALUES ('44', 'delete_shop', 'shop', '2017-08-07 13:19:40', '2017-08-07 13:19:40', null);
INSERT INTO `permissions` VALUES ('70', 'browse_baskets', 'baskets', '2017-08-11 12:06:13', '2017-08-11 12:06:13', null);
INSERT INTO `permissions` VALUES ('71', 'read_baskets', 'baskets', '2017-08-11 12:06:13', '2017-08-11 12:06:13', null);
INSERT INTO `permissions` VALUES ('72', 'edit_baskets', 'baskets', '2017-08-11 12:06:13', '2017-08-11 12:06:13', null);
INSERT INTO `permissions` VALUES ('73', 'add_baskets', 'baskets', '2017-08-11 12:06:13', '2017-08-11 12:06:13', null);
INSERT INTO `permissions` VALUES ('74', 'delete_baskets', 'baskets', '2017-08-11 12:06:13', '2017-08-11 12:06:13', null);
INSERT INTO `permissions` VALUES ('75', 'browse_shops', 'shops', '2017-08-11 12:35:44', '2017-08-11 12:35:44', null);
INSERT INTO `permissions` VALUES ('76', 'read_shops', 'shops', '2017-08-11 12:35:44', '2017-08-11 12:35:44', null);
INSERT INTO `permissions` VALUES ('77', 'edit_shops', 'shops', '2017-08-11 12:35:44', '2017-08-11 12:35:44', null);
INSERT INTO `permissions` VALUES ('78', 'add_shops', 'shops', '2017-08-11 12:35:44', '2017-08-11 12:35:44', null);
INSERT INTO `permissions` VALUES ('79', 'delete_shops', 'shops', '2017-08-11 12:35:44', '2017-08-11 12:35:44', null);
INSERT INTO `permissions` VALUES ('80', 'browse_products', 'products', '2017-08-11 12:46:11', '2017-08-11 12:46:11', null);
INSERT INTO `permissions` VALUES ('81', 'read_products', 'products', '2017-08-11 12:46:11', '2017-08-11 12:46:11', null);
INSERT INTO `permissions` VALUES ('82', 'edit_products', 'products', '2017-08-11 12:46:11', '2017-08-11 12:46:11', null);
INSERT INTO `permissions` VALUES ('83', 'add_products', 'products', '2017-08-11 12:46:11', '2017-08-11 12:46:11', null);
INSERT INTO `permissions` VALUES ('84', 'delete_products', 'products', '2017-08-11 12:46:11', '2017-08-11 12:46:11', null);
INSERT INTO `permissions` VALUES ('85', 'browse_product_types', 'product_types', '2017-08-14 08:14:59', '2017-08-14 08:14:59', null);
INSERT INTO `permissions` VALUES ('86', 'read_product_types', 'product_types', '2017-08-14 08:14:59', '2017-08-14 08:14:59', null);
INSERT INTO `permissions` VALUES ('87', 'edit_product_types', 'product_types', '2017-08-14 08:14:59', '2017-08-14 08:14:59', null);
INSERT INTO `permissions` VALUES ('88', 'add_product_types', 'product_types', '2017-08-14 08:14:59', '2017-08-14 08:14:59', null);
INSERT INTO `permissions` VALUES ('89', 'delete_product_types', 'product_types', '2017-08-14 08:14:59', '2017-08-14 08:14:59', null);
INSERT INTO `permissions` VALUES ('90', 'browse_weight_types', 'weight_types', '2017-08-14 09:08:53', '2017-08-14 09:08:53', null);
INSERT INTO `permissions` VALUES ('91', 'read_weight_types', 'weight_types', '2017-08-14 09:08:53', '2017-08-14 09:08:53', null);
INSERT INTO `permissions` VALUES ('92', 'edit_weight_types', 'weight_types', '2017-08-14 09:08:53', '2017-08-14 09:08:53', null);
INSERT INTO `permissions` VALUES ('93', 'add_weight_types', 'weight_types', '2017-08-14 09:08:53', '2017-08-14 09:08:53', null);
INSERT INTO `permissions` VALUES ('94', 'delete_weight_types', 'weight_types', '2017-08-14 09:08:53', '2017-08-14 09:08:53', null);
INSERT INTO `permissions` VALUES ('95', 'browse_communications', 'communications', '2017-08-14 15:28:06', '2017-08-14 15:28:06', null);
INSERT INTO `permissions` VALUES ('96', 'read_communications', 'communications', '2017-08-14 15:28:06', '2017-08-14 15:28:06', null);
INSERT INTO `permissions` VALUES ('97', 'edit_communications', 'communications', '2017-08-14 15:28:06', '2017-08-14 15:28:06', null);
INSERT INTO `permissions` VALUES ('98', 'add_communications', 'communications', '2017-08-14 15:28:06', '2017-08-14 15:28:06', null);
INSERT INTO `permissions` VALUES ('99', 'delete_communications', 'communications', '2017-08-14 15:28:06', '2017-08-14 15:28:06', null);
INSERT INTO `permissions` VALUES ('100', 'browse_basket_infos', 'basket_infos', '2017-11-27 17:59:41', '2017-11-27 17:59:41', null);
INSERT INTO `permissions` VALUES ('101', 'read_basket_infos', 'basket_infos', '2017-11-27 17:59:41', '2017-11-27 17:59:41', null);
INSERT INTO `permissions` VALUES ('102', 'edit_basket_infos', 'basket_infos', '2017-11-27 17:59:41', '2017-11-27 17:59:41', null);
INSERT INTO `permissions` VALUES ('103', 'add_basket_infos', 'basket_infos', '2017-11-27 17:59:41', '2017-11-27 17:59:41', null);
INSERT INTO `permissions` VALUES ('104', 'delete_basket_infos', 'basket_infos', '2017-11-27 17:59:41', '2017-11-27 17:59:41', null);
INSERT INTO `permissions` VALUES ('105', 'browse_template', 'template', '2017-12-01 11:50:42', '2017-12-01 11:50:42', null);
INSERT INTO `permissions` VALUES ('106', 'read_template', 'template', '2017-12-01 11:50:42', '2017-12-01 11:50:42', null);
INSERT INTO `permissions` VALUES ('107', 'edit_template', 'template', '2017-12-01 11:50:42', '2017-12-01 11:50:42', null);
INSERT INTO `permissions` VALUES ('108', 'add_template', 'template', '2017-12-01 11:50:42', '2017-12-01 11:50:42', null);
INSERT INTO `permissions` VALUES ('109', 'delete_template', 'template', '2017-12-01 11:50:42', '2017-12-01 11:50:42', null);
INSERT INTO `permissions` VALUES ('110', 'browse_booking_query', 'booking_query', '2017-12-08 20:19:25', '2017-12-08 20:19:25', null);
INSERT INTO `permissions` VALUES ('111', 'read_booking_query', 'booking_query', '2017-12-08 20:19:25', '2017-12-08 20:19:25', null);
INSERT INTO `permissions` VALUES ('112', 'edit_booking_query', 'booking_query', '2017-12-08 20:19:25', '2017-12-08 20:19:25', null);
INSERT INTO `permissions` VALUES ('113', 'add_booking_query', 'booking_query', '2017-12-08 20:19:25', '2017-12-08 20:19:25', null);
INSERT INTO `permissions` VALUES ('114', 'delete_booking_query', 'booking_query', '2017-12-08 20:19:25', '2017-12-08 20:19:25', null);

-- ----------------------------
-- Table structure for posts
-- ----------------------------
DROP TABLE IF EXISTS `posts`;
CREATE TABLE `posts` (
  `id` int(10) unsigned NOT NULL AUTO_INCREMENT,
  `author_id` int(11) NOT NULL,
  `category_id` int(11) DEFAULT NULL,
  `title` varchar(255) COLLATE utf8_unicode_ci NOT NULL,
  `seo_title` varchar(255) COLLATE utf8_unicode_ci DEFAULT NULL,
  `excerpt` text COLLATE utf8_unicode_ci NOT NULL,
  `body` text COLLATE utf8_unicode_ci NOT NULL,
  `image` varchar(255) COLLATE utf8_unicode_ci DEFAULT NULL,
  `slug` varchar(255) COLLATE utf8_unicode_ci NOT NULL,
  `meta_description` text COLLATE utf8_unicode_ci NOT NULL,
  `meta_keywords` text COLLATE utf8_unicode_ci NOT NULL,
  `status` enum('PUBLISHED','DRAFT','PENDING') COLLATE utf8_unicode_ci NOT NULL DEFAULT 'DRAFT',
  `featured` tinyint(1) NOT NULL DEFAULT '0',
  `created_at` timestamp NULL DEFAULT NULL,
  `updated_at` timestamp NULL DEFAULT NULL,
  PRIMARY KEY (`id`),
  UNIQUE KEY `posts_slug_unique` (`slug`)
) ENGINE=InnoDB AUTO_INCREMENT=5 DEFAULT CHARSET=utf8 COLLATE=utf8_unicode_ci;

-- ----------------------------
-- Records of posts
-- ----------------------------
INSERT INTO `posts` VALUES ('1', '0', null, 'Lorem Ipsum Post', null, 'This is the excerpt for the Lorem Ipsum Post', '<p>This is the body of the lorem ipsum post</p>', 'posts/nlje9NZQ7bTMYOUG4lF1.jpg', 'lorem-ipsum-post', 'This is the meta description', 'keyword1, keyword2, keyword3', 'PUBLISHED', '0', '2017-08-07 08:03:42', '2017-08-07 08:03:42');
INSERT INTO `posts` VALUES ('2', '0', null, 'My Sample Post', null, 'This is the excerpt for the sample Post', '<p>This is the body for the sample post, which includes the body.</p>\n                <h2>We can use all kinds of format!</h2>\n                <p>And include a bunch of other stuff.</p>', 'posts/7uelXHi85YOfZKsoS6Tq.jpg', 'my-sample-post', 'Meta Description for sample post', 'keyword1, keyword2, keyword3', 'PUBLISHED', '0', '2017-08-07 08:03:42', '2017-08-07 08:03:42');
INSERT INTO `posts` VALUES ('3', '0', null, 'Latest Post', null, 'This is the excerpt for the latest post', '<p>This is the body for the latest post</p>', 'posts/9txUSY6wb7LTBSbDPrD9.jpg', 'latest-post', 'This is the meta description', 'keyword1, keyword2, keyword3', 'PUBLISHED', '0', '2017-08-07 08:03:42', '2017-08-07 08:03:42');
INSERT INTO `posts` VALUES ('4', '0', null, 'Yarr Post', null, 'Reef sails nipperkin bring a spring upon her cable coffer jury mast spike marooned Pieces of Eight poop deck pillage. Clipper driver coxswain galleon hempen halter come about pressgang gangplank boatswain swing the lead. Nipperkin yard skysail swab lanyard Blimey bilge water ho quarter Buccaneer.', '<p>Swab deadlights Buccaneer fire ship square-rigged dance the hempen jig weigh anchor cackle fruit grog furl. Crack Jennys tea cup chase guns pressgang hearties spirits hogshead Gold Road six pounders fathom measured fer yer chains. Main sheet provost come about trysail barkadeer crimp scuttle mizzenmast brig plunder.</p>\n<p>Mizzen league keelhaul galleon tender cog chase Barbary Coast doubloon crack Jennys tea cup. Blow the man down lugsail fire ship pinnace cackle fruit line warp Admiral of the Black strike colors doubloon. Tackle Jack Ketch come about crimp rum draft scuppers run a shot across the bow haul wind maroon.</p>\n<p>Interloper heave down list driver pressgang holystone scuppers tackle scallywag bilged on her anchor. Jack Tar interloper draught grapple mizzenmast hulk knave cable transom hogshead. Gaff pillage to go on account grog aft chase guns piracy yardarm knave clap of thunder.</p>', 'posts/yuk1fBwmKKZdY2qR1ZKM.jpg', 'yarr-post', 'this be a meta descript', 'keyword1, keyword2, keyword3', 'PUBLISHED', '0', '2017-08-07 08:03:42', '2017-08-07 08:03:42');

-- ----------------------------
-- Table structure for product_types
-- ----------------------------
DROP TABLE IF EXISTS `product_types`;
CREATE TABLE `product_types` (
  `id` int(10) unsigned NOT NULL AUTO_INCREMENT,
  `name` text COLLATE utf8_unicode_ci NOT NULL,
  `created_at` timestamp NOT NULL DEFAULT CURRENT_TIMESTAMP ON UPDATE CURRENT_TIMESTAMP,
  `deleted_at` timestamp NULL DEFAULT NULL,
  `updated_at` timestamp NULL DEFAULT NULL,
  PRIMARY KEY (`id`)
) ENGINE=InnoDB AUTO_INCREMENT=7 DEFAULT CHARSET=utf8 COLLATE=utf8_unicode_ci;

-- ----------------------------
-- Records of product_types
-- ----------------------------
INSERT INTO `product_types` VALUES ('1', 'drinkables', '2018-05-25 09:34:04', null, '2017-08-14 08:39:41');
INSERT INTO `product_types` VALUES ('2', 'milky', '2017-08-14 08:43:44', null, '2017-08-14 08:43:44');
INSERT INTO `product_types` VALUES ('3', 'bakery', '2017-11-28 12:39:02', null, '2017-08-14 08:45:05');
INSERT INTO `product_types` VALUES ('4', 'meat', '2017-08-14 08:45:33', null, '2017-08-14 08:45:33');
INSERT INTO `product_types` VALUES ('5', 'domestic', '2017-11-28 14:54:34', null, '2017-08-14 08:46:27');
INSERT INTO `product_types` VALUES ('6', 'vegetables&fruit', '2017-11-28 14:54:48', null, '2017-08-14 08:47:11');

-- ----------------------------
-- Table structure for products
-- ----------------------------
DROP TABLE IF EXISTS `products`;
CREATE TABLE `products` (
  `id` int(10) unsigned NOT NULL AUTO_INCREMENT,
  `name` varchar(120) COLLATE utf8_unicode_ci NOT NULL,
  `price` double NOT NULL,
  `weight_type` tinyint(4) NOT NULL,
  `weight` double NOT NULL,
  `description` text COLLATE utf8_unicode_ci,
  `created_at` timestamp NULL DEFAULT NULL,
  `updated_at` timestamp NULL DEFAULT NULL,
  `img_path` varchar(120) COLLATE utf8_unicode_ci NOT NULL,
  `type_id` int(11) NOT NULL,
  PRIMARY KEY (`id`),
  FULLTEXT KEY `name` (`name`,`description`)
) ENGINE=InnoDB AUTO_INCREMENT=11 DEFAULT CHARSET=utf8 COLLATE=utf8_unicode_ci;

-- ----------------------------
-- Records of products
-- ----------------------------
INSERT INTO `products` VALUES ('1', 'Coca-cola', '14.4', '1', '1', null, '2017-08-14 13:09:00', '2017-11-27 17:23:01', 'products/November2017/n1xVHAng0AcsxleUTSdi.jpg', '1');
INSERT INTO `products` VALUES ('2', 'Fanta', '15.8', '1', '1', null, '2017-08-14 09:46:00', '2017-11-27 17:23:18', 'products/November2017/kBxDtRovYFgie1PoNI5m.jpg', '1');
INSERT INTO `products` VALUES ('3', 'Holland cheese', '33.33', '3', '100', null, '2017-11-27 17:24:35', '2017-11-27 17:24:35', 'products/November2017/hFFCYjzdbKacUovceU8y.png', '2');
INSERT INTO `products` VALUES ('4', 'Cherry', '30.9', '2', '1', null, '2017-11-27 17:26:34', '2017-11-27 17:26:34', 'products/November2017/sPHnKuwPjvVpL5FJirpL.jpg', '6');
INSERT INTO `products` VALUES ('5', 'Cheese', '41.11', '3', '100', null, '2017-11-27 17:28:05', '2017-11-27 17:28:05', 'products/November2017/dzfULtEgAkfmnLKMka9A.jpg', '2');
INSERT INTO `products` VALUES ('6', 'H20la', '10.05', '1', '1', null, '2017-11-27 17:29:13', '2017-11-27 17:29:13', 'products/November2017/mjnXxZ8D4yS3vuNhpqL2.jpg', '1');
INSERT INTO `products` VALUES ('8', 'Milk 3,6%', '32', '1', '3', null, '2017-11-27 17:30:41', '2017-11-27 17:30:41', 'products/November2017/NkY5QgiJuRmJOvtNCKam.jpg', '2');
INSERT INTO `products` VALUES ('10', 'potato', '5.5', '2', '1', null, '2017-12-09 07:51:06', '2017-12-09 07:51:06', 'products/December2017/cFkbLitexCwyPIyFSLmm.jpg', '6');

-- ----------------------------
-- Table structure for roles
-- ----------------------------
DROP TABLE IF EXISTS `roles`;
CREATE TABLE `roles` (
  `id` int(10) unsigned NOT NULL AUTO_INCREMENT,
  `name` varchar(255) COLLATE utf8_unicode_ci NOT NULL,
  `display_name` varchar(255) COLLATE utf8_unicode_ci NOT NULL,
  `created_at` timestamp NULL DEFAULT NULL,
  `updated_at` timestamp NULL DEFAULT NULL,
  PRIMARY KEY (`id`),
  UNIQUE KEY `roles_name_unique` (`name`)
) ENGINE=InnoDB AUTO_INCREMENT=4 DEFAULT CHARSET=utf8 COLLATE=utf8_unicode_ci;

-- ----------------------------
-- Records of roles
-- ----------------------------
INSERT INTO `roles` VALUES ('1', 'admin', 'Administrator', '2017-08-07 08:03:41', '2017-08-07 08:03:41');
INSERT INTO `roles` VALUES ('2', 'user', 'Normal User', '2017-08-07 08:03:41', '2017-08-07 08:03:41');
INSERT INTO `roles` VALUES ('3', 'ShopAdmin', 'Shop Admin', '2017-08-14 09:23:40', '2017-08-14 09:24:52');

-- ----------------------------
-- Table structure for sales
-- ----------------------------
DROP TABLE IF EXISTS `sales`;
CREATE TABLE `sales` (
  `id` int(11) NOT NULL AUTO_INCREMENT,
  `product_id` int(11) NOT NULL,
  `price` float NOT NULL,
  `date_from` datetime NOT NULL,
  `date_to` datetime NOT NULL,
  `created_by` int(11) NOT NULL,
  `created_at` datetime NOT NULL,
  `updated_at` datetime DEFAULT NULL,
  `deleted_at` datetime DEFAULT NULL,
  PRIMARY KEY (`id`)
) ENGINE=InnoDB AUTO_INCREMENT=5 DEFAULT CHARSET=latin1;

-- ----------------------------
-- Records of sales
-- ----------------------------
INSERT INTO `sales` VALUES ('1', '1', '5', '2018-05-22 22:26:31', '2018-06-02 22:27:11', '1', '2018-05-23 22:26:43', null, null);
INSERT INTO `sales` VALUES ('4', '0', '0', '0000-00-00 00:00:00', '0000-00-00 00:00:00', '0', '0000-00-00 00:00:00', null, null);

-- ----------------------------
-- Table structure for sessions
-- ----------------------------
DROP TABLE IF EXISTS `sessions`;
CREATE TABLE `sessions` (
  `id` varchar(255) COLLATE utf8mb4_unicode_ci NOT NULL,
  `user_id` int(10) unsigned DEFAULT NULL,
  `ip_address` varchar(45) COLLATE utf8mb4_unicode_ci DEFAULT NULL,
  `user_agent` text COLLATE utf8mb4_unicode_ci,
  `payload` text COLLATE utf8mb4_unicode_ci NOT NULL,
  `last_activity` int(11) NOT NULL,
  UNIQUE KEY `sessions_id_unique` (`id`)
) ENGINE=InnoDB DEFAULT CHARSET=utf8mb4 COLLATE=utf8mb4_unicode_ci;

-- ----------------------------
-- Records of sessions
-- ----------------------------
INSERT INTO `sessions` VALUES ('1eVPx3fsEn0KFLU2CWfr3Nm67wgOgUWuW6WgsvgE', null, '10.0.2.2', 'Mozilla/5.0 (Windows NT 10.0; Win64; x64) AppleWebKit/537.36 (KHTML, like Gecko) Chrome/66.0.3359.181 Safari/537.36', 'YTozOntzOjY6Il90b2tlbiI7czo0MDoiOENzaWRUcUlTSHlBaGlDZnBEWURaa3lseVlDSGNsT1Z6WUcxYXJXQyI7czo5OiJfcHJldmlvdXMiO2E6MTp7czozOiJ1cmwiO3M6MjI6Imh0dHA6Ly9zaG9wLmxvYy9iYXNrZXQiO31zOjY6Il9mbGFzaCI7YToyOntzOjM6Im9sZCI7YTowOnt9czozOiJuZXciO2E6MDp7fX19', '1527459380');
INSERT INTO `sessions` VALUES ('kYmBYGQIS3UxcjLrRPGNGhUVsNe0bbmpt6zYouDj', '7', '10.0.2.2', 'Mozilla/5.0 (Windows NT 10.0; Win64; x64) AppleWebKit/537.36 (KHTML, like Gecko) Chrome/66.0.3359.181 Safari/537.36', 'YTo0OntzOjY6Il9mbGFzaCI7YToyOntzOjM6Im9sZCI7YTowOnt9czozOiJuZXciO2E6MDp7fX1zOjY6Il90b2tlbiI7czo0MDoiUmVtZ285SjgzSTdZWXRqYWp2Wlk0ZWJlWWFGNEc4VDViQUpzUW1NaCI7czo5OiJfcHJldmlvdXMiO2E6MTp7czozOiJ1cmwiO3M6MjA6Imh0dHA6Ly9zaG9wLmxvYy9saXN0Ijt9czo1MDoibG9naW5fd2ViXzU5YmEzNmFkZGMyYjJmOTQwMTU4MGYwMTRjN2Y1OGVhNGUzMDk4OWQiO2k6Nzt9', '1527461933');

-- ----------------------------
-- Table structure for settings
-- ----------------------------
DROP TABLE IF EXISTS `settings`;
CREATE TABLE `settings` (
  `id` int(10) unsigned NOT NULL AUTO_INCREMENT,
  `key` varchar(255) COLLATE utf8_unicode_ci NOT NULL,
  `display_name` varchar(255) COLLATE utf8_unicode_ci NOT NULL,
  `value` text COLLATE utf8_unicode_ci NOT NULL,
  `details` text COLLATE utf8_unicode_ci,
  `type` varchar(255) COLLATE utf8_unicode_ci NOT NULL,
  `order` int(11) NOT NULL DEFAULT '1',
  PRIMARY KEY (`id`),
  UNIQUE KEY `settings_key_unique` (`key`)
) ENGINE=InnoDB AUTO_INCREMENT=10 DEFAULT CHARSET=utf8 COLLATE=utf8_unicode_ci;

-- ----------------------------
-- Records of settings
-- ----------------------------
INSERT INTO `settings` VALUES ('1', 'title', 'Site Title', 'Site Title', '', 'text', '1');
INSERT INTO `settings` VALUES ('2', 'description', 'Site Description', 'Site Description', '', 'text', '2');
INSERT INTO `settings` VALUES ('3', 'logo', 'Site Logo', '', '', 'image', '3');
INSERT INTO `settings` VALUES ('4', 'admin_bg_image', 'Admin Background Image', '', '', 'image', '9');
INSERT INTO `settings` VALUES ('5', 'admin_title', 'Admin Title', 'Voyager', '', 'text', '4');
INSERT INTO `settings` VALUES ('6', 'admin_description', 'Admin Description', 'Welcome to Voyager. The Missing Admin for Laravel', '', 'text', '5');
INSERT INTO `settings` VALUES ('7', 'admin_loader', 'Admin Loader', '', '', 'image', '6');
INSERT INTO `settings` VALUES ('8', 'admin_icon_image', 'Admin Icon Image', '', '', 'image', '7');
INSERT INTO `settings` VALUES ('9', 'google_analytics_client_id', 'Google Analytics Client ID', '', '', 'text', '9');

-- ----------------------------
-- Table structure for shops
-- ----------------------------
DROP TABLE IF EXISTS `shops`;
CREATE TABLE `shops` (
  `id` int(10) unsigned NOT NULL AUTO_INCREMENT,
  `name` varchar(120) COLLATE utf8_unicode_ci NOT NULL,
  `address` varchar(120) COLLATE utf8_unicode_ci NOT NULL,
  `created_at` timestamp NULL DEFAULT NULL,
  `updated_at` timestamp NULL DEFAULT NULL,
  `deleted_at` timestamp NULL DEFAULT NULL,
  PRIMARY KEY (`id`)
) ENGINE=InnoDB AUTO_INCREMENT=4 DEFAULT CHARSET=utf8 COLLATE=utf8_unicode_ci;

-- ----------------------------
-- Records of shops
-- ----------------------------
INSERT INTO `shops` VALUES ('1', '', '. .', '2017-08-11 13:01:15', '2017-08-11 13:01:15', null);
INSERT INTO `shops` VALUES ('2', '', '. .', '2017-08-11 13:03:39', '2017-08-11 13:03:39', null);
INSERT INTO `shops` VALUES ('3', '', '. .', '2017-08-11 13:04:11', '2017-08-11 13:04:11', null);

-- ----------------------------
-- Table structure for template_infos
-- ----------------------------
DROP TABLE IF EXISTS `template_infos`;
CREATE TABLE `template_infos` (
  `id` int(10) unsigned NOT NULL AUTO_INCREMENT,
  `user_id` int(11) NOT NULL,
  `product_id` int(11) NOT NULL,
  `created_at` timestamp NULL DEFAULT NULL,
  `updated_at` timestamp NULL DEFAULT NULL,
  `deleted_at` timestamp NULL DEFAULT NULL,
  `template_id` int(11) NOT NULL,
  `count` int(11) NOT NULL,
  PRIMARY KEY (`id`)
) ENGINE=InnoDB AUTO_INCREMENT=26 DEFAULT CHARSET=utf8 COLLATE=utf8_unicode_ci;

-- ----------------------------
-- Records of template_infos
-- ----------------------------
INSERT INTO `template_infos` VALUES ('14', '1', '3', '2017-12-08 02:51:35', null, null, '54', '1');
INSERT INTO `template_infos` VALUES ('15', '1', '1', '2017-12-08 02:53:07', null, null, '54', '1');
INSERT INTO `template_infos` VALUES ('16', '1', '5', '2017-12-08 02:53:08', null, null, '54', '1');
INSERT INTO `template_infos` VALUES ('17', '1', '2', '2017-12-08 02:53:09', null, null, '54', '3');
INSERT INTO `template_infos` VALUES ('21', '1', '1', '2017-12-08 14:17:42', null, null, '55', '1');
INSERT INTO `template_infos` VALUES ('22', '1', '5', '2017-12-08 14:17:45', null, null, '55', '1');
INSERT INTO `template_infos` VALUES ('23', '1', '8', '2017-12-08 14:17:46', null, null, '55', '1');
INSERT INTO `template_infos` VALUES ('24', '1', '2', '2017-12-09 07:45:37', null, null, '56', '1');
INSERT INTO `template_infos` VALUES ('25', '1', '4', '2017-12-09 07:45:51', null, null, '56', '2');

-- ----------------------------
-- Table structure for templates
-- ----------------------------
DROP TABLE IF EXISTS `templates`;
CREATE TABLE `templates` (
  `id` int(10) unsigned NOT NULL AUTO_INCREMENT,
  `user_id` int(11) NOT NULL,
  `name` text COLLATE utf8_unicode_ci NOT NULL,
  `status` int(11) NOT NULL,
  `created_at` timestamp NULL DEFAULT NULL,
  `updated_at` timestamp NULL DEFAULT NULL,
  `deleted_at` timestamp NULL DEFAULT NULL,
  PRIMARY KEY (`id`)
) ENGINE=InnoDB AUTO_INCREMENT=57 DEFAULT CHARSET=utf8 COLLATE=utf8_unicode_ci;

-- ----------------------------
-- Records of templates
-- ----------------------------
INSERT INTO `templates` VALUES ('54', '1', 'Monday', '1', '2017-12-08 08:30:39', null, null);
INSERT INTO `templates` VALUES ('55', '1', 'Sunday', '1', '2017-12-08 15:41:10', null, null);
INSERT INTO `templates` VALUES ('56', '1', 'test', '1', '2017-12-09 07:47:35', null, null);

-- ----------------------------
-- Table structure for translations
-- ----------------------------
DROP TABLE IF EXISTS `translations`;
CREATE TABLE `translations` (
  `id` int(10) unsigned NOT NULL AUTO_INCREMENT,
  `table_name` varchar(255) COLLATE utf8_unicode_ci NOT NULL,
  `column_name` varchar(255) COLLATE utf8_unicode_ci NOT NULL,
  `foreign_key` int(10) unsigned NOT NULL,
  `locale` varchar(255) COLLATE utf8_unicode_ci NOT NULL,
  `value` text COLLATE utf8_unicode_ci NOT NULL,
  `created_at` timestamp NULL DEFAULT NULL,
  `updated_at` timestamp NULL DEFAULT NULL,
  PRIMARY KEY (`id`),
  UNIQUE KEY `translations_table_name_column_name_foreign_key_locale_unique` (`table_name`,`column_name`,`foreign_key`,`locale`)
) ENGINE=InnoDB AUTO_INCREMENT=27 DEFAULT CHARSET=utf8 COLLATE=utf8_unicode_ci;

-- ----------------------------
-- Records of translations
-- ----------------------------
INSERT INTO `translations` VALUES ('1', 'data_types', 'display_name_singular', '1', 'pt', 'Post', '2017-08-07 08:03:42', '2017-08-07 08:03:42');
INSERT INTO `translations` VALUES ('2', 'data_types', 'display_name_singular', '2', 'pt', 'Pgina', '2017-08-07 08:03:42', '2017-08-07 08:03:42');
INSERT INTO `translations` VALUES ('3', 'data_types', 'display_name_singular', '3', 'pt', 'Utilizador', '2017-08-07 08:03:42', '2017-08-07 08:03:42');
INSERT INTO `translations` VALUES ('4', 'data_types', 'display_name_singular', '4', 'pt', 'Categoria', '2017-08-07 08:03:42', '2017-08-07 08:03:42');
INSERT INTO `translations` VALUES ('5', 'data_types', 'display_name_singular', '5', 'pt', 'Menu', '2017-08-07 08:03:42', '2017-08-07 08:03:42');
INSERT INTO `translations` VALUES ('6', 'data_types', 'display_name_singular', '6', 'pt', 'Funo', '2017-08-07 08:03:42', '2017-08-07 08:03:42');
INSERT INTO `translations` VALUES ('7', 'data_types', 'display_name_plural', '1', 'pt', 'Posts', '2017-08-07 08:03:42', '2017-08-07 08:03:42');
INSERT INTO `translations` VALUES ('8', 'data_types', 'display_name_plural', '2', 'pt', 'Pginas', '2017-08-07 08:03:42', '2017-08-07 08:03:42');
INSERT INTO `translations` VALUES ('9', 'data_types', 'display_name_plural', '3', 'pt', 'Utilizadores', '2017-08-07 08:03:42', '2017-08-07 08:03:42');
INSERT INTO `translations` VALUES ('10', 'data_types', 'display_name_plural', '4', 'pt', 'Categorias', '2017-08-07 08:03:42', '2017-08-07 08:03:42');
INSERT INTO `translations` VALUES ('11', 'data_types', 'display_name_plural', '5', 'pt', 'Menus', '2017-08-07 08:03:42', '2017-08-07 08:03:42');
INSERT INTO `translations` VALUES ('12', 'data_types', 'display_name_plural', '6', 'pt', 'Funes', '2017-08-07 08:03:42', '2017-08-07 08:03:42');
INSERT INTO `translations` VALUES ('13', 'pages', 'title', '1', 'pt', 'Ol Mundo', '2017-08-07 08:03:42', '2017-08-07 08:03:42');
INSERT INTO `translations` VALUES ('14', 'pages', 'slug', '1', 'pt', 'ola-mundo', '2017-08-07 08:03:42', '2017-08-07 08:03:42');
INSERT INTO `translations` VALUES ('15', 'pages', 'body', '1', 'pt', '<p>Ol Mundo. Scallywag grog swab Cat o\'nine tails scuttle rigging hardtack cable nipper Yellow Jack. Handsomely spirits knave lad killick landlubber or just lubber deadlights chantey pinnace crack Jennys tea cup. Provost long clothes black spot Yellow Jack bilged on her anchor league lateen sail case shot lee tackle.</p>\r\n<p>Ballast spirits fluke topmast me quarterdeck schooner landlubber or just lubber gabion belaying pin. Pinnace stern galleon starboard warp carouser to go on account dance the hempen jig jolly boat measured fer yer chains. Man-of-war fire in the hole nipperkin handsomely doubloon barkadeer Brethren of the Coast gibbet driver squiffy.</p>', '2017-08-07 08:03:42', '2017-08-07 08:03:42');
INSERT INTO `translations` VALUES ('16', 'menu_items', 'title', '1', 'pt', 'Painel de Controle', '2017-08-07 08:03:42', '2017-08-07 08:03:42');
INSERT INTO `translations` VALUES ('17', 'menu_items', 'title', '2', 'pt', 'Media', '2017-08-07 08:03:42', '2017-08-07 08:03:42');
INSERT INTO `translations` VALUES ('18', 'menu_items', 'title', '3', 'pt', 'Publicaes', '2017-08-07 08:03:42', '2017-08-07 08:03:42');
INSERT INTO `translations` VALUES ('19', 'menu_items', 'title', '4', 'pt', 'Utilizadores', '2017-08-07 08:03:42', '2017-08-07 08:03:42');
INSERT INTO `translations` VALUES ('20', 'menu_items', 'title', '5', 'pt', 'Categorias', '2017-08-07 08:03:42', '2017-08-07 08:03:42');
INSERT INTO `translations` VALUES ('21', 'menu_items', 'title', '6', 'pt', 'Pginas', '2017-08-07 08:03:42', '2017-08-07 08:03:42');
INSERT INTO `translations` VALUES ('22', 'menu_items', 'title', '7', 'pt', 'Funes', '2017-08-07 08:03:42', '2017-08-07 08:03:42');
INSERT INTO `translations` VALUES ('23', 'menu_items', 'title', '8', 'pt', 'Ferramentas', '2017-08-07 08:03:42', '2017-08-07 08:03:42');
INSERT INTO `translations` VALUES ('24', 'menu_items', 'title', '9', 'pt', 'Menus', '2017-08-07 08:03:42', '2017-08-07 08:03:42');
INSERT INTO `translations` VALUES ('25', 'menu_items', 'title', '10', 'pt', 'Base de dados', '2017-08-07 08:03:42', '2017-08-07 08:03:42');
INSERT INTO `translations` VALUES ('26', 'menu_items', 'title', '11', 'pt', 'Configuraes', '2017-08-07 08:03:42', '2017-08-07 08:03:42');

-- ----------------------------
-- Table structure for users
-- ----------------------------
DROP TABLE IF EXISTS `users`;
CREATE TABLE `users` (
  `id` int(10) unsigned NOT NULL AUTO_INCREMENT,
  `role_id` int(11) DEFAULT NULL,
  `name` varchar(255) COLLATE utf8_unicode_ci NOT NULL,
  `email` varchar(255) COLLATE utf8_unicode_ci NOT NULL,
  `phone_number` varchar(12) COLLATE utf8_unicode_ci NOT NULL DEFAULT '',
  `avatar` varchar(255) COLLATE utf8_unicode_ci DEFAULT NULL,
  `password` varchar(255) COLLATE utf8_unicode_ci NOT NULL,
  `remember_token` varchar(100) COLLATE utf8_unicode_ci DEFAULT NULL,
  `created_at` timestamp NULL DEFAULT NULL,
  `updated_at` timestamp NULL DEFAULT NULL,
  PRIMARY KEY (`id`),
  UNIQUE KEY `users_email_unique` (`email`)
) ENGINE=InnoDB AUTO_INCREMENT=8 DEFAULT CHARSET=utf8 COLLATE=utf8_unicode_ci;

-- ----------------------------
-- Records of users
-- ----------------------------
INSERT INTO `users` VALUES ('1', '1', 'Admin', 'admin@admin.com', '', 'users/default.png', '$2y$10$S4iitEfHxIm6dUX0GQ4oA.U13xBnOI4fY8kPd5xq4cWsaOYM4mKQe', 'zGeZhyzI0E10sMjIGCChj8PzPURtNrBPag2MmseeuTuJKcMQtYTJFMdYiKcq', '2017-08-07 08:03:41', '2018-05-16 14:08:40');
INSERT INTO `users` VALUES ('2', '2', 'Gleb', 'gleb.deriyenko@gmail.com', '', 'users/default.png', '$2y$10$S4iitEfHxIm6dUX0GQ4oA.U13xBnOI4fY8kPd5xq4cWsaOYM4mKQe', 'MViF8svmCSvmZ6vNQrjg0xr0zGSBBV1qWwT7o7Y1RPQJuP3ifUH3Ssu9DikN', '2017-08-07 14:24:14', '2017-08-07 14:46:18');
INSERT INTO `users` VALUES ('3', '3', 'Marketopt', 'marketopt@admin.com', '', 'users/default.png', '$2y$10$BUd6MidBLGeh7NxO9t2jiOUU.JsJ2kd3dRuj8ivG/kiYSDV4Qe3qW', null, '2017-08-14 09:19:47', '2017-08-14 09:25:14');
INSERT INTO `users` VALUES ('4', '2', 'bogdan', 'dydka@mail.com', '', 'users/default.png', '$2y$10$r9lpfhcxMSV.KIbzY86g8eDtIs4idhyahypBSXhVXFbMS6FNn2ClW', null, '2017-11-28 10:16:29', '2017-11-28 10:16:29');
INSERT INTO `users` VALUES ('5', '2', 'Karina', 'karina@gmail.com', '', 'users/default.png', '$2y$10$A0njqOymkYPv.MSIDBUYpuslrlBHTFAPFP9npEp0jOANUUnwkuyM.', null, '2017-12-09 07:42:08', '2017-12-09 07:42:08');
INSERT INTO `users` VALUES ('6', null, 'Tester', 'tester@mail.com', '', null, '$2y$10$9qjJpeL8ybPf60VBuxKdB.gatWcdlrxF0AIWWcBhiKtbU5qNrOkEu', 'L8i4jznXBvR1HgQg9LEOFzSjLHWTPAfG6SZ2CiP2lozWoL46En1RaJfvFf3Z', '2018-05-27 22:56:10', '2018-05-27 22:56:10');
INSERT INTO `users` VALUES ('7', null, 'Test', 'test@mail.com', '380972450916', null, '$2y$10$ZF2kVa7CQoDeaFqzJuh50.pqw5qBpQYvqSWoczLZIN4dJ/jkbYhZ6', null, '2018-05-27 22:58:53', '2018-05-27 22:58:53');

-- ----------------------------
-- Table structure for vd_city
-- ----------------------------
DROP TABLE IF EXISTS `vd_city`;
CREATE TABLE `vd_city` (
  `id` int(10) unsigned NOT NULL AUTO_INCREMENT,
  `db_rootid` int(11) NOT NULL DEFAULT '0',
  `db_defnamelang` varchar(100) NOT NULL,
  `db_sortindex` int(10) NOT NULL DEFAULT '0',
  `db_timecreation` int(10) unsigned NOT NULL DEFAULT '0',
  `db_timelastedit` int(10) unsigned NOT NULL DEFAULT '0',
  `db_enabled` enum('0','1') NOT NULL DEFAULT '1',
  `db_deleted` enum('0','1') NOT NULL DEFAULT '0',
  PRIMARY KEY (`id`)
) ENGINE=MyISAM AUTO_INCREMENT=1766762 DEFAULT CHARSET=utf8;

-- ----------------------------
-- Records of vd_city
-- ----------------------------
INSERT INTO `vd_city` VALUES ('3832', '279', '', '0', '1374134216', '1374134216', '1', '0');
INSERT INTO `vd_city` VALUES ('3833', '279', '', '0', '1374134216', '1374134216', '1', '0');
INSERT INTO `vd_city` VALUES ('3834', '279', '', '0', '1374134216', '1374134216', '1', '0');
INSERT INTO `vd_city` VALUES ('3835', '279', '', '0', '1374134216', '1374134216', '1', '0');
INSERT INTO `vd_city` VALUES ('3836', '279', '', '0', '1374134216', '1374134216', '1', '0');
INSERT INTO `vd_city` VALUES ('3837', '279', '', '0', '1374134216', '1374134216', '1', '0');
INSERT INTO `vd_city` VALUES ('3838', '279', '', '0', '1374134216', '1374134216', '1', '0');
INSERT INTO `vd_city` VALUES ('3839', '279', '', '0', '1374134216', '1374134216', '1', '0');
INSERT INTO `vd_city` VALUES ('3840', '279', '', '0', '1374134216', '1374134216', '1', '0');
INSERT INTO `vd_city` VALUES ('3841', '279', '', '0', '1374134216', '1374134216', '1', '0');
INSERT INTO `vd_city` VALUES ('3842', '279', '', '0', '1374134216', '1374134216', '1', '0');
INSERT INTO `vd_city` VALUES ('3843', '279', '', '0', '1374134216', '1374134216', '1', '0');
INSERT INTO `vd_city` VALUES ('3844', '279', '', '0', '1374134216', '1374134216', '1', '0');
INSERT INTO `vd_city` VALUES ('3845', '279', '', '0', '1374134216', '1374134216', '1', '0');
INSERT INTO `vd_city` VALUES ('3846', '279', '', '0', '1374134216', '1374134216', '1', '0');
INSERT INTO `vd_city` VALUES ('3847', '279', '', '0', '1374134216', '1374134216', '1', '0');
INSERT INTO `vd_city` VALUES ('3848', '279', '', '0', '1374134216', '1374134216', '1', '0');
INSERT INTO `vd_city` VALUES ('3849', '279', '', '0', '1374134216', '1374134216', '1', '0');
INSERT INTO `vd_city` VALUES ('3850', '279', '-', '0', '1374134216', '1374134216', '1', '0');
INSERT INTO `vd_city` VALUES ('3851', '279', ' ', '0', '1374134216', '1374134216', '1', '0');
INSERT INTO `vd_city` VALUES ('3852', '279', '', '0', '1374134216', '1374134216', '1', '0');
INSERT INTO `vd_city` VALUES ('3853', '279', '', '0', '1374134216', '1374134216', '1', '0');
INSERT INTO `vd_city` VALUES ('3854', '279', '', '0', '1374134216', '1374134216', '1', '0');
INSERT INTO `vd_city` VALUES ('3855', '279', '', '0', '1374134216', '1374134216', '1', '0');
INSERT INTO `vd_city` VALUES ('3856', '279', '', '0', '1374134216', '1374134216', '1', '0');
INSERT INTO `vd_city` VALUES ('3857', '279', '', '0', '1374134216', '1374134216', '1', '0');
INSERT INTO `vd_city` VALUES ('3858', '279', '', '0', '1374134216', '1374134216', '1', '0');
INSERT INTO `vd_city` VALUES ('3859', '279', '', '0', '1374134216', '1374134216', '1', '0');
INSERT INTO `vd_city` VALUES ('3860', '279', '', '0', '1374134216', '1374134216', '1', '0');
INSERT INTO `vd_city` VALUES ('3861', '279', '', '0', '1374134216', '1374134216', '1', '0');
INSERT INTO `vd_city` VALUES ('3862', '279', '', '0', '1374134216', '1374134216', '1', '0');
INSERT INTO `vd_city` VALUES ('3863', '279', '', '0', '1374134216', '1374134216', '1', '0');
INSERT INTO `vd_city` VALUES ('3864', '279', '', '0', '1374134216', '1374134216', '1', '0');
INSERT INTO `vd_city` VALUES ('3865', '280', '', '0', '1374134216', '1374134216', '1', '0');
INSERT INTO `vd_city` VALUES ('3866', '280', '-', '0', '1374134216', '1374134216', '1', '0');
INSERT INTO `vd_city` VALUES ('3867', '280', '', '0', '1374134216', '1374134216', '1', '0');
INSERT INTO `vd_city` VALUES ('3868', '280', '', '0', '1374134216', '1374134216', '1', '0');
INSERT INTO `vd_city` VALUES ('3869', '280', '', '0', '1374134216', '1374134216', '1', '0');
INSERT INTO `vd_city` VALUES ('3871', '280', '', '0', '1374134216', '1374134216', '1', '0');
INSERT INTO `vd_city` VALUES ('3872', '280', '-', '0', '1374134216', '1374134216', '1', '0');
INSERT INTO `vd_city` VALUES ('3873', '280', '', '0', '1374134216', '1374134216', '1', '0');
INSERT INTO `vd_city` VALUES ('3874', '280', '', '0', '1374134216', '1374134216', '1', '0');
INSERT INTO `vd_city` VALUES ('3875', '280', '', '0', '1374134216', '1374134216', '1', '0');
INSERT INTO `vd_city` VALUES ('3876', '280', '', '0', '1374134216', '1374134216', '1', '0');
INSERT INTO `vd_city` VALUES ('3877', '280', '', '0', '1374134216', '1374134216', '1', '0');
INSERT INTO `vd_city` VALUES ('3878', '280', '', '0', '1374134216', '1374134216', '1', '0');
INSERT INTO `vd_city` VALUES ('3879', '280', '', '0', '1374134216', '1374134216', '1', '0');
INSERT INTO `vd_city` VALUES ('3880', '280', '', '0', '1374134216', '1374134216', '1', '0');
INSERT INTO `vd_city` VALUES ('3881', '280', '', '0', '1374134216', '1374134216', '1', '0');
INSERT INTO `vd_city` VALUES ('3882', '280', '', '0', '1374134216', '1374134216', '1', '0');
INSERT INTO `vd_city` VALUES ('3883', '280', ' ', '0', '1374134216', '1374134216', '1', '0');
INSERT INTO `vd_city` VALUES ('3884', '280', '', '0', '1374134216', '1374134216', '1', '0');
INSERT INTO `vd_city` VALUES ('3885', '281', '', '0', '1374134216', '1374134216', '1', '0');
INSERT INTO `vd_city` VALUES ('3886', '281', '', '0', '1374134216', '1374134216', '1', '0');
INSERT INTO `vd_city` VALUES ('3887', '281', '', '0', '1374134216', '1374134216', '1', '0');
INSERT INTO `vd_city` VALUES ('3888', '281', '', '0', '1374134216', '1374134216', '1', '0');
INSERT INTO `vd_city` VALUES ('3889', '281', '', '0', '1374134216', '1374134216', '1', '0');
INSERT INTO `vd_city` VALUES ('3890', '281', '', '0', '1374134216', '1374134216', '1', '0');
INSERT INTO `vd_city` VALUES ('3891', '281', '', '0', '1374134216', '1374134216', '1', '0');
INSERT INTO `vd_city` VALUES ('3892', '281', '', '0', '1374134216', '1374134216', '1', '0');
INSERT INTO `vd_city` VALUES ('3894', '281', '', '0', '1374134216', '1374134216', '1', '0');
INSERT INTO `vd_city` VALUES ('3895', '281', '', '0', '1374134216', '1374134216', '1', '0');
INSERT INTO `vd_city` VALUES ('3896', '281', '', '0', '1374134216', '1374134216', '1', '0');
INSERT INTO `vd_city` VALUES ('3897', '281', '', '0', '1374134216', '1374134216', '1', '0');
INSERT INTO `vd_city` VALUES ('3898', '281', ' ', '0', '1374134216', '1374134216', '1', '0');
INSERT INTO `vd_city` VALUES ('5116', '281', '', '0', '1374134216', '1374134216', '1', '0');
INSERT INTO `vd_city` VALUES ('3900', '281', '', '0', '1374134216', '1374134216', '1', '0');
INSERT INTO `vd_city` VALUES ('3901', '281', '', '0', '1374134216', '1374134216', '1', '0');
INSERT INTO `vd_city` VALUES ('3902', '281', '', '0', '1374134216', '1374134216', '1', '0');
INSERT INTO `vd_city` VALUES ('3903', '281', '', '0', '1374134216', '1374134216', '1', '0');
INSERT INTO `vd_city` VALUES ('3904', '281', '', '0', '1374134216', '1374134216', '1', '0');
INSERT INTO `vd_city` VALUES ('3905', '281', ' ', '0', '1374134216', '1374134216', '1', '0');
INSERT INTO `vd_city` VALUES ('3906', '281', '', '0', '1374134216', '1374134216', '1', '0');
INSERT INTO `vd_city` VALUES ('3907', '281', '', '0', '1374134216', '1374134216', '1', '0');
INSERT INTO `vd_city` VALUES ('3908', '281', '', '0', '1374134216', '1374134216', '1', '0');
INSERT INTO `vd_city` VALUES ('3909', '281', '', '0', '1374134216', '1374134216', '1', '0');
INSERT INTO `vd_city` VALUES ('3910', '281', '', '0', '1374134216', '1374134216', '1', '0');
INSERT INTO `vd_city` VALUES ('3911', '281', '', '0', '1374134216', '1374134216', '1', '0');
INSERT INTO `vd_city` VALUES ('3912', '281', '', '0', '1374134216', '1374134216', '1', '0');
INSERT INTO `vd_city` VALUES ('3913', '281', '', '0', '1374134216', '1374134216', '1', '0');
INSERT INTO `vd_city` VALUES ('5017', '281', '', '0', '1374134216', '1374134216', '1', '0');
INSERT INTO `vd_city` VALUES ('3914', '281', '', '0', '1374134216', '1374134216', '1', '0');
INSERT INTO `vd_city` VALUES ('3915', '281', '', '0', '1374134216', '1374134216', '1', '0');
INSERT INTO `vd_city` VALUES ('3916', '281', '', '0', '1374134216', '1374134216', '1', '0');
INSERT INTO `vd_city` VALUES ('3917', '281', '', '0', '1374134216', '1374134216', '1', '0');
INSERT INTO `vd_city` VALUES ('3918', '281', '', '0', '1374134216', '1374134216', '1', '0');
INSERT INTO `vd_city` VALUES ('3919', '281', '', '0', '1374134216', '1374134216', '1', '0');
INSERT INTO `vd_city` VALUES ('3920', '281', '', '0', '1374134216', '1374134216', '1', '0');
INSERT INTO `vd_city` VALUES ('3921', '281', '', '0', '1374134216', '1374134216', '1', '0');
INSERT INTO `vd_city` VALUES ('3922', '282', '', '0', '1374134216', '1374134216', '1', '0');
INSERT INTO `vd_city` VALUES ('3923', '282', '', '0', '1374134216', '1374134216', '1', '0');
INSERT INTO `vd_city` VALUES ('3924', '282', '-', '0', '1374134216', '1374134216', '1', '0');
INSERT INTO `vd_city` VALUES ('3925', '282', '', '0', '1374134216', '1374134216', '1', '0');
INSERT INTO `vd_city` VALUES ('3926', '282', '', '0', '1374134216', '1374134216', '1', '0');
INSERT INTO `vd_city` VALUES ('3928', '282', '', '0', '1374134216', '1374134216', '1', '0');
INSERT INTO `vd_city` VALUES ('4174', '282', '', '0', '1374134216', '1374134216', '1', '0');
INSERT INTO `vd_city` VALUES ('3929', '282', '', '0', '1374134216', '1374134216', '1', '0');
INSERT INTO `vd_city` VALUES ('3930', '282', '', '0', '1374134216', '1374134216', '1', '0');
INSERT INTO `vd_city` VALUES ('3932', '282', '', '0', '1374134216', '1374134216', '1', '0');
INSERT INTO `vd_city` VALUES ('3933', '282', '', '0', '1374134216', '1374134216', '1', '0');
INSERT INTO `vd_city` VALUES ('3934', '282', ' ', '0', '1374134216', '1374134216', '1', '0');
INSERT INTO `vd_city` VALUES ('3935', '282', '', '0', '1374134216', '1374134216', '1', '0');
INSERT INTO `vd_city` VALUES ('3936', '282', '', '0', '1374134216', '1374134216', '1', '0');
INSERT INTO `vd_city` VALUES ('3937', '282', '', '0', '1374134216', '1374134216', '1', '0');
INSERT INTO `vd_city` VALUES ('3939', '282', '-', '0', '1374134216', '1374134216', '1', '0');
INSERT INTO `vd_city` VALUES ('3940', '282', '', '0', '1374134216', '1374134216', '1', '0');
INSERT INTO `vd_city` VALUES ('3941', '282', '', '0', '1374134216', '1374134216', '1', '0');
INSERT INTO `vd_city` VALUES ('3942', '282', '-', '0', '1374134216', '1374134216', '1', '0');
INSERT INTO `vd_city` VALUES ('3943', '282', '', '0', '1374134216', '1374134216', '1', '0');
INSERT INTO `vd_city` VALUES ('3944', '282', '', '0', '1374134216', '1374134216', '1', '0');
INSERT INTO `vd_city` VALUES ('3945', '282', '', '0', '1374134216', '1374134216', '1', '0');
INSERT INTO `vd_city` VALUES ('3946', '282', '', '0', '1374134216', '1374134216', '1', '0');
INSERT INTO `vd_city` VALUES ('3947', '282', '', '0', '1374134216', '1374134216', '1', '0');
INSERT INTO `vd_city` VALUES ('3948', '282', '', '0', '1374134216', '1374134216', '1', '0');
INSERT INTO `vd_city` VALUES ('3949', '282', '', '0', '1374134216', '1374134216', '1', '0');
INSERT INTO `vd_city` VALUES ('3950', '282', '', '0', '1374134216', '1374134216', '1', '0');
INSERT INTO `vd_city` VALUES ('3951', '282', '', '0', '1374134216', '1374134216', '1', '0');
INSERT INTO `vd_city` VALUES ('3952', '282', '', '0', '1374134216', '1374134216', '1', '0');
INSERT INTO `vd_city` VALUES ('3953', '282', '', '0', '1374134216', '1374134216', '1', '0');
INSERT INTO `vd_city` VALUES ('3955', '282', '', '0', '1374134216', '1374134216', '1', '0');
INSERT INTO `vd_city` VALUES ('3956', '282', '', '0', '1374134216', '1374134216', '1', '0');
INSERT INTO `vd_city` VALUES ('3957', '282', '', '0', '1374134216', '1374134216', '1', '0');
INSERT INTO `vd_city` VALUES ('3958', '282', '', '0', '1374134216', '1374134216', '1', '0');
INSERT INTO `vd_city` VALUES ('3960', '282', '-', '0', '1374134216', '1374134216', '1', '0');
INSERT INTO `vd_city` VALUES ('3961', '282', '', '0', '1374134216', '1374134216', '1', '0');
INSERT INTO `vd_city` VALUES ('5087', '282', '', '0', '1374134216', '1374134216', '1', '0');
INSERT INTO `vd_city` VALUES ('3962', '282', '', '0', '1374134216', '1374134216', '1', '0');
INSERT INTO `vd_city` VALUES ('3963', '282', '', '0', '1374134216', '1374134216', '1', '0');
INSERT INTO `vd_city` VALUES ('3964', '282', ' ', '0', '1374134216', '1374134216', '1', '0');
INSERT INTO `vd_city` VALUES ('1765574', '282', '', '0', '1374134216', '1374134216', '1', '0');
INSERT INTO `vd_city` VALUES ('3965', '282', '', '0', '1374134216', '1374134216', '1', '0');
INSERT INTO `vd_city` VALUES ('3966', '282', '', '0', '1374134216', '1374134216', '1', '0');
INSERT INTO `vd_city` VALUES ('3967', '282', '', '0', '1374134216', '1374134216', '1', '0');
INSERT INTO `vd_city` VALUES ('3968', '282', '', '0', '1374134216', '1374134216', '1', '0');
INSERT INTO `vd_city` VALUES ('3969', '282', '', '0', '1374134216', '1374134216', '1', '0');
INSERT INTO `vd_city` VALUES ('3971', '282', '', '0', '1374134216', '1374134216', '1', '0');
INSERT INTO `vd_city` VALUES ('3972', '282', '', '0', '1374134216', '1374134216', '1', '0');
INSERT INTO `vd_city` VALUES ('3973', '282', '', '0', '1374134216', '1374134216', '1', '0');
INSERT INTO `vd_city` VALUES ('3959', '282', '', '0', '1374134216', '1374134216', '1', '0');
INSERT INTO `vd_city` VALUES ('3974', '282', '', '0', '1374134216', '1374134216', '1', '0');
INSERT INTO `vd_city` VALUES ('3975', '282', '', '0', '1374134216', '1374134216', '1', '0');
INSERT INTO `vd_city` VALUES ('3976', '282', '', '0', '1374134216', '1374134216', '1', '0');
INSERT INTO `vd_city` VALUES ('5117', '282', '', '0', '1374134216', '1374134216', '1', '0');
INSERT INTO `vd_city` VALUES ('3977', '282', '', '0', '1374134216', '1374134216', '1', '0');
INSERT INTO `vd_city` VALUES ('3978', '282', '', '0', '1374134216', '1374134216', '1', '0');
INSERT INTO `vd_city` VALUES ('3979', '282', '', '0', '1374134216', '1374134216', '1', '0');
INSERT INTO `vd_city` VALUES ('3980', '283', '', '0', '1374134216', '1374134216', '1', '0');
INSERT INTO `vd_city` VALUES ('3981', '283', '', '0', '1374134216', '1374134216', '1', '0');
INSERT INTO `vd_city` VALUES ('3982', '283', ' ', '0', '1374134216', '1374134216', '1', '0');
INSERT INTO `vd_city` VALUES ('3983', '283', '', '0', '1374134216', '1374134216', '1', '0');
INSERT INTO `vd_city` VALUES ('3984', '283', ' ', '0', '1374134216', '1374134216', '1', '0');
INSERT INTO `vd_city` VALUES ('3985', '283', '', '0', '1374134216', '1374134216', '1', '0');
INSERT INTO `vd_city` VALUES ('3986', '283', '', '0', '1374134216', '1374134216', '1', '0');
INSERT INTO `vd_city` VALUES ('3987', '283', ' ', '0', '1374134216', '1374134216', '1', '0');
INSERT INTO `vd_city` VALUES ('3988', '283', '-', '0', '1374134216', '1374134216', '1', '0');
INSERT INTO `vd_city` VALUES ('3989', '283', '', '0', '1374134216', '1374134216', '1', '0');
INSERT INTO `vd_city` VALUES ('3990', '283', '', '0', '1374134216', '1374134216', '1', '0');
INSERT INTO `vd_city` VALUES ('3991', '283', '', '0', '1374134216', '1374134216', '1', '0');
INSERT INTO `vd_city` VALUES ('3992', '283', '', '0', '1374134216', '1374134216', '1', '0');
INSERT INTO `vd_city` VALUES ('3993', '283', '', '0', '1374134216', '1374134216', '1', '0');
INSERT INTO `vd_city` VALUES ('3994', '283', '', '0', '1374134216', '1374134216', '1', '0');
INSERT INTO `vd_city` VALUES ('3995', '283', '', '0', '1374134216', '1374134216', '1', '0');
INSERT INTO `vd_city` VALUES ('3996', '283', ' ', '0', '1374134216', '1374134216', '1', '0');
INSERT INTO `vd_city` VALUES ('3997', '283', '', '0', '1374134216', '1374134216', '1', '0');
INSERT INTO `vd_city` VALUES ('3998', '283', '', '0', '1374134216', '1374134216', '1', '0');
INSERT INTO `vd_city` VALUES ('3999', '283', '', '0', '1374134216', '1374134216', '1', '0');
INSERT INTO `vd_city` VALUES ('4000', '283', '', '0', '1374134216', '1374134216', '1', '0');
INSERT INTO `vd_city` VALUES ('4001', '283', '', '0', '1374134216', '1374134216', '1', '0');
INSERT INTO `vd_city` VALUES ('4002', '283', '', '0', '1374134216', '1374134216', '1', '0');
INSERT INTO `vd_city` VALUES ('4003', '283', '-', '0', '1374134216', '1374134216', '1', '0');
INSERT INTO `vd_city` VALUES ('4004', '283', '', '0', '1374134216', '1374134216', '1', '0');
INSERT INTO `vd_city` VALUES ('4005', '283', '', '0', '1374134216', '1374134216', '1', '0');
INSERT INTO `vd_city` VALUES ('4006', '283', '', '0', '1374134216', '1374134216', '1', '0');
INSERT INTO `vd_city` VALUES ('4007', '283', '', '0', '1374134216', '1374134216', '1', '0');
INSERT INTO `vd_city` VALUES ('4008', '283', '', '0', '1374134216', '1374134216', '1', '0');
INSERT INTO `vd_city` VALUES ('4009', '283', '', '0', '1374134216', '1374134216', '1', '0');
INSERT INTO `vd_city` VALUES ('4360', '283', '', '0', '1374134216', '1374134216', '1', '0');
INSERT INTO `vd_city` VALUES ('4010', '283', '', '0', '1374134216', '1374134216', '1', '0');
INSERT INTO `vd_city` VALUES ('4011', '283', '', '0', '1374134216', '1374134216', '1', '0');
INSERT INTO `vd_city` VALUES ('4012', '284', '', '0', '1374134216', '1374134216', '1', '0');
INSERT INTO `vd_city` VALUES ('4013', '284', '', '0', '1374134216', '1374134216', '1', '0');
INSERT INTO `vd_city` VALUES ('4014', '284', ' ', '0', '1374134216', '1374134216', '1', '0');
INSERT INTO `vd_city` VALUES ('4015', '284', ' ', '0', '1374134216', '1374134216', '1', '0');
INSERT INTO `vd_city` VALUES ('4016', '284', '', '0', '1374134216', '1374134216', '1', '0');
INSERT INTO `vd_city` VALUES ('4017', '284', '', '0', '1374134216', '1374134216', '1', '0');
INSERT INTO `vd_city` VALUES ('4018', '284', '', '0', '1374134216', '1374134216', '1', '0');
INSERT INTO `vd_city` VALUES ('4019', '284', '', '0', '1374134216', '1374134216', '1', '0');
INSERT INTO `vd_city` VALUES ('4020', '284', '', '0', '1374134216', '1374134216', '1', '0');
INSERT INTO `vd_city` VALUES ('4021', '284', '', '0', '1374134216', '1374134216', '1', '0');
INSERT INTO `vd_city` VALUES ('4022', '284', '', '0', '1374134216', '1374134216', '1', '0');
INSERT INTO `vd_city` VALUES ('4023', '284', '', '0', '1374134216', '1374134216', '1', '0');
INSERT INTO `vd_city` VALUES ('4024', '284', '', '0', '1374134216', '1374134216', '1', '0');
INSERT INTO `vd_city` VALUES ('4025', '284', '', '0', '1374134216', '1374134216', '1', '0');
INSERT INTO `vd_city` VALUES ('4026', '284', '', '0', '1374134216', '1374134216', '1', '0');
INSERT INTO `vd_city` VALUES ('4027', '284', '', '0', '1374134216', '1374134216', '1', '0');
INSERT INTO `vd_city` VALUES ('4028', '285', '', '0', '1374134216', '1374134216', '1', '0');
INSERT INTO `vd_city` VALUES ('4029', '285', '', '0', '1374134216', '1374134216', '1', '0');
INSERT INTO `vd_city` VALUES ('4030', '285', '', '0', '1374134216', '1374134216', '1', '0');
INSERT INTO `vd_city` VALUES ('4031', '285', '', '0', '1374134216', '1374134216', '1', '0');
INSERT INTO `vd_city` VALUES ('4032', '285', '', '0', '1374134216', '1374134216', '1', '0');
INSERT INTO `vd_city` VALUES ('4033', '285', '', '0', '1374134216', '1374134216', '1', '0');
INSERT INTO `vd_city` VALUES ('4034', '285', '', '0', '1374134216', '1374134216', '1', '0');
INSERT INTO `vd_city` VALUES ('4035', '285', '', '0', '1374134216', '1374134216', '1', '0');
INSERT INTO `vd_city` VALUES ('4036', '285', '-', '0', '1374134216', '1374134216', '1', '0');
INSERT INTO `vd_city` VALUES ('4037', '285', '', '0', '1374134216', '1374134216', '1', '0');
INSERT INTO `vd_city` VALUES ('4038', '285', '-', '0', '1374134216', '1374134216', '1', '0');
INSERT INTO `vd_city` VALUES ('4039', '285', '', '0', '1374134216', '1374134216', '1', '0');
INSERT INTO `vd_city` VALUES ('4040', '285', '', '0', '1374134216', '1374134216', '1', '0');
INSERT INTO `vd_city` VALUES ('4041', '285', '', '0', '1374134216', '1374134216', '1', '0');
INSERT INTO `vd_city` VALUES ('4042', '285', '', '0', '1374134216', '1374134216', '1', '0');
INSERT INTO `vd_city` VALUES ('4043', '285', '', '0', '1374134216', '1374134216', '1', '0');
INSERT INTO `vd_city` VALUES ('4044', '285', '', '0', '1374134216', '1374134216', '1', '0');
INSERT INTO `vd_city` VALUES ('4045', '285', '', '0', '1374134216', '1374134216', '1', '0');
INSERT INTO `vd_city` VALUES ('4046', '285', '', '0', '1374134216', '1374134216', '1', '0');
INSERT INTO `vd_city` VALUES ('4047', '285', '', '0', '1374134216', '1374134216', '1', '0');
INSERT INTO `vd_city` VALUES ('4048', '285', '', '0', '1374134216', '1374134216', '1', '0');
INSERT INTO `vd_city` VALUES ('4984', '285', '', '0', '1374134216', '1374134216', '1', '0');
INSERT INTO `vd_city` VALUES ('4049', '286', '', '0', '1374134216', '1374134216', '1', '0');
INSERT INTO `vd_city` VALUES ('4050', '286', '', '0', '1374134216', '1374134216', '1', '0');
INSERT INTO `vd_city` VALUES ('4051', '286', '', '0', '1374134216', '1374134216', '1', '0');
INSERT INTO `vd_city` VALUES ('4052', '286', '-', '0', '1374134216', '1374134216', '1', '0');
INSERT INTO `vd_city` VALUES ('4053', '286', '', '0', '1374134216', '1374134216', '1', '0');
INSERT INTO `vd_city` VALUES ('4054', '286', '', '0', '1374134216', '1374134216', '1', '0');
INSERT INTO `vd_city` VALUES ('4055', '286', '', '0', '1374134216', '1374134216', '1', '0');
INSERT INTO `vd_city` VALUES ('4056', '286', '', '0', '1374134216', '1374134216', '1', '0');
INSERT INTO `vd_city` VALUES ('4057', '286', '', '0', '1374134216', '1374134216', '1', '0');
INSERT INTO `vd_city` VALUES ('4058', '286', '', '0', '1374134216', '1374134216', '1', '0');
INSERT INTO `vd_city` VALUES ('4059', '286', '', '0', '1374134216', '1374134216', '1', '0');
INSERT INTO `vd_city` VALUES ('4060', '286', '', '0', '1374134216', '1374134216', '1', '0');
INSERT INTO `vd_city` VALUES ('4062', '286', '', '0', '1374134216', '1374134216', '1', '0');
INSERT INTO `vd_city` VALUES ('4063', '286', '', '0', '1374134216', '1374134216', '1', '0');
INSERT INTO `vd_city` VALUES ('1766192', '286', '', '0', '1374134216', '1374134216', '1', '0');
INSERT INTO `vd_city` VALUES ('4064', '286', '', '0', '1374134216', '1374134216', '1', '0');
INSERT INTO `vd_city` VALUES ('4065', '286', '', '0', '1374134216', '1374134216', '1', '0');
INSERT INTO `vd_city` VALUES ('4066', '286', '-', '0', '1374134216', '1374134216', '1', '0');
INSERT INTO `vd_city` VALUES ('4068', '286', '', '0', '1374134216', '1374134216', '1', '0');
INSERT INTO `vd_city` VALUES ('4069', '286', '', '0', '1374134216', '1374134216', '1', '0');
INSERT INTO `vd_city` VALUES ('4070', '286', '', '0', '1374134216', '1374134216', '1', '0');
INSERT INTO `vd_city` VALUES ('4071', '286', '', '0', '1374134216', '1374134216', '1', '0');
INSERT INTO `vd_city` VALUES ('4072', '286', '', '0', '1374134216', '1374134216', '1', '0');
INSERT INTO `vd_city` VALUES ('4073', '286', '', '0', '1374134216', '1374134216', '1', '0');
INSERT INTO `vd_city` VALUES ('4074', '286', '', '0', '1374134216', '1374134216', '1', '0');
INSERT INTO `vd_city` VALUES ('4075', '286', '', '0', '1374134216', '1374134216', '1', '0');
INSERT INTO `vd_city` VALUES ('4076', '286', '', '0', '1374134216', '1374134216', '1', '0');
INSERT INTO `vd_city` VALUES ('4077', '286', '', '0', '1374134216', '1374134216', '1', '0');
INSERT INTO `vd_city` VALUES ('4078', '286', '', '0', '1374134216', '1374134216', '1', '0');
INSERT INTO `vd_city` VALUES ('4079', '286', '', '0', '1374134216', '1374134216', '1', '0');
INSERT INTO `vd_city` VALUES ('4080', '287', '', '0', '1374134216', '1374134216', '1', '0');
INSERT INTO `vd_city` VALUES ('4081', '287', ' ', '0', '1374134216', '1374134216', '1', '0');
INSERT INTO `vd_city` VALUES ('4082', '287', '', '0', '1374134216', '1374134216', '1', '0');
INSERT INTO `vd_city` VALUES ('4083', '287', '', '0', '1374134216', '1374134216', '1', '0');
INSERT INTO `vd_city` VALUES ('4084', '287', '', '0', '1374134216', '1374134216', '1', '0');
INSERT INTO `vd_city` VALUES ('4085', '287', '', '0', '1374134216', '1374134216', '1', '0');
INSERT INTO `vd_city` VALUES ('4086', '287', '', '0', '1374134216', '1374134216', '1', '0');
INSERT INTO `vd_city` VALUES ('5081', '287', '', '0', '1374134216', '1374134216', '1', '0');
INSERT INTO `vd_city` VALUES ('4087', '287', '', '0', '1374134216', '1374134216', '1', '0');
INSERT INTO `vd_city` VALUES ('4088', '287', '', '0', '1374134216', '1374134216', '1', '0');
INSERT INTO `vd_city` VALUES ('1766731', '287', '', '0', '1374134216', '1374134216', '1', '0');
INSERT INTO `vd_city` VALUES ('1766501', '287', '', '0', '1374134216', '1374134216', '1', '0');
INSERT INTO `vd_city` VALUES ('1766729', '287', '', '0', '1374134216', '1374134216', '1', '0');
INSERT INTO `vd_city` VALUES ('4089', '287', '', '0', '1374134216', '1374134216', '1', '0');
INSERT INTO `vd_city` VALUES ('4090', '287', '', '0', '1374134216', '1374134216', '1', '0');
INSERT INTO `vd_city` VALUES ('5076', '287', '', '0', '1374134216', '1374134216', '1', '0');
INSERT INTO `vd_city` VALUES ('4091', '287', '', '0', '1374134216', '1374134216', '1', '0');
INSERT INTO `vd_city` VALUES ('4092', '287', '', '0', '1374134216', '1374134216', '1', '0');
INSERT INTO `vd_city` VALUES ('4093', '287', '', '0', '1374134216', '1374134216', '1', '0');
INSERT INTO `vd_city` VALUES ('4094', '287', '', '0', '1374134216', '1374134216', '1', '0');
INSERT INTO `vd_city` VALUES ('4095', '287', '', '0', '1374134216', '1374134216', '1', '0');
INSERT INTO `vd_city` VALUES ('4096', '287', '', '0', '1374134216', '1374134216', '1', '0');
INSERT INTO `vd_city` VALUES ('4097', '287', '', '0', '1374134216', '1374134216', '1', '0');
INSERT INTO `vd_city` VALUES ('4098', '287', '', '0', '1374134216', '1374134216', '1', '0');
INSERT INTO `vd_city` VALUES ('4100', '287', '', '0', '1374134216', '1374134216', '1', '0');
INSERT INTO `vd_city` VALUES ('4101', '287', '', '0', '1374134216', '1374134216', '1', '0');
INSERT INTO `vd_city` VALUES ('4102', '287', '', '0', '1374134216', '1374134216', '1', '0');
INSERT INTO `vd_city` VALUES ('4103', '287', '', '0', '1374134216', '1374134216', '1', '0');
INSERT INTO `vd_city` VALUES ('4104', '287', '', '0', '1374134216', '1374134216', '1', '0');
INSERT INTO `vd_city` VALUES ('4105', '287', '-', '0', '1374134216', '1374134216', '1', '0');
INSERT INTO `vd_city` VALUES ('4106', '287', '', '0', '1374134216', '1374134216', '1', '0');
INSERT INTO `vd_city` VALUES ('4107', '287', '', '0', '1374134216', '1374134216', '1', '0');
INSERT INTO `vd_city` VALUES ('4108', '287', '', '0', '1374134216', '1374134216', '1', '0');
INSERT INTO `vd_city` VALUES ('5024', '287', '', '0', '1374134216', '1374134216', '1', '0');
INSERT INTO `vd_city` VALUES ('4109', '287', '', '0', '1374134216', '1374134216', '1', '0');
INSERT INTO `vd_city` VALUES ('4110', '287', '', '0', '1374134216', '1374134216', '1', '0');
INSERT INTO `vd_city` VALUES ('4111', '287', '', '0', '1374134216', '1374134216', '1', '0');
INSERT INTO `vd_city` VALUES ('4112', '287', '', '0', '1374134216', '1374134216', '1', '0');
INSERT INTO `vd_city` VALUES ('4113', '287', '', '0', '1374134216', '1374134216', '1', '0');
INSERT INTO `vd_city` VALUES ('4114', '287', '', '0', '1374134216', '1374134216', '1', '0');
INSERT INTO `vd_city` VALUES ('4116', '288', '', '0', '1374134216', '1374134216', '1', '0');
INSERT INTO `vd_city` VALUES ('1766761', '288', '', '0', '1374134216', '1374134216', '1', '0');
INSERT INTO `vd_city` VALUES ('4117', '288', '', '0', '1374134216', '1374134216', '1', '0');
INSERT INTO `vd_city` VALUES ('4118', '288', '', '0', '1374134216', '1374134216', '1', '0');
INSERT INTO `vd_city` VALUES ('4119', '288', '', '0', '1374134216', '1374134216', '1', '0');
INSERT INTO `vd_city` VALUES ('4120', '288', '', '0', '1374134216', '1374134216', '1', '0');
INSERT INTO `vd_city` VALUES ('4121', '288', '', '0', '1374134216', '1374134216', '1', '0');
INSERT INTO `vd_city` VALUES ('4122', '288', '', '0', '1374134216', '1374134216', '1', '0');
INSERT INTO `vd_city` VALUES ('4123', '288', '', '0', '1374134216', '1374134216', '1', '0');
INSERT INTO `vd_city` VALUES ('4124', '288', '', '0', '1374134216', '1374134216', '1', '0');
INSERT INTO `vd_city` VALUES ('4125', '288', '-', '0', '1374134216', '1374134216', '1', '0');
INSERT INTO `vd_city` VALUES ('4126', '288', '', '0', '1374134216', '1374134216', '1', '0');
INSERT INTO `vd_city` VALUES ('4127', '288', '', '0', '1374134216', '1374134216', '1', '0');
INSERT INTO `vd_city` VALUES ('4128', '288', '', '0', '1374134216', '1374134216', '1', '0');
INSERT INTO `vd_city` VALUES ('4129', '288', ' ', '0', '1374134216', '1374134216', '1', '0');
INSERT INTO `vd_city` VALUES ('4130', '288', '', '0', '1374134216', '1374134216', '1', '0');
INSERT INTO `vd_city` VALUES ('4131', '288', '', '0', '1374134216', '1374134216', '1', '0');
INSERT INTO `vd_city` VALUES ('4132', '288', '', '0', '1374134216', '1374134216', '1', '0');
INSERT INTO `vd_city` VALUES ('4133', '288', '', '0', '1374134216', '1374134216', '1', '0');
INSERT INTO `vd_city` VALUES ('4134', '288', '', '0', '1374134216', '1374134216', '1', '0');
INSERT INTO `vd_city` VALUES ('4135', '288', '', '0', '1374134216', '1374134216', '1', '0');
INSERT INTO `vd_city` VALUES ('4136', '288', '', '0', '1374134216', '1374134216', '1', '0');
INSERT INTO `vd_city` VALUES ('4137', '288', '', '0', '1374134216', '1374134216', '1', '0');
INSERT INTO `vd_city` VALUES ('4138', '288', '', '0', '1374134216', '1374134216', '1', '0');
INSERT INTO `vd_city` VALUES ('4139', '288', '', '0', '1374134216', '1374134216', '1', '0');
INSERT INTO `vd_city` VALUES ('4141', '289', '', '0', '1374134216', '1374134216', '1', '0');
INSERT INTO `vd_city` VALUES ('4142', '289', '', '0', '1374134216', '1374134216', '1', '0');
INSERT INTO `vd_city` VALUES ('5088', '289', '', '0', '1374134216', '1374134216', '1', '0');
INSERT INTO `vd_city` VALUES ('4912', '289', '', '0', '1374134216', '1374134216', '1', '0');
INSERT INTO `vd_city` VALUES ('4143', '289', '', '0', '1374134216', '1374134216', '1', '0');
INSERT INTO `vd_city` VALUES ('4145', '289', '', '0', '1374134216', '1374134216', '1', '0');
INSERT INTO `vd_city` VALUES ('4146', '289', '', '0', '1374134216', '1374134216', '1', '0');
INSERT INTO `vd_city` VALUES ('4914', '289', '', '0', '1374134216', '1374134216', '1', '0');
INSERT INTO `vd_city` VALUES ('4915', '289', '', '0', '1374134216', '1374134216', '1', '0');
INSERT INTO `vd_city` VALUES ('4147', '289', '', '0', '1374134216', '1374134216', '1', '0');
INSERT INTO `vd_city` VALUES ('4148', '289', '', '0', '1374134216', '1374134216', '1', '0');
INSERT INTO `vd_city` VALUES ('4149', '289', '', '0', '1374134216', '1374134216', '1', '0');
INSERT INTO `vd_city` VALUES ('4150', '289', '', '0', '1374134216', '1374134216', '1', '0');
INSERT INTO `vd_city` VALUES ('4151', '289', '', '0', '1374134216', '1374134216', '1', '0');
INSERT INTO `vd_city` VALUES ('4152', '289', '', '0', '1374134216', '1374134216', '1', '0');
INSERT INTO `vd_city` VALUES ('4917', '289', '', '0', '1374134216', '1374134216', '1', '0');
INSERT INTO `vd_city` VALUES ('4153', '289', '', '0', '1374134216', '1374134216', '1', '0');
INSERT INTO `vd_city` VALUES ('4918', '289', '', '0', '1374134216', '1374134216', '1', '0');
INSERT INTO `vd_city` VALUES ('4919', '289', '', '0', '1374134216', '1374134216', '1', '0');
INSERT INTO `vd_city` VALUES ('4155', '289', '', '0', '1374134216', '1374134216', '1', '0');
INSERT INTO `vd_city` VALUES ('4920', '289', '', '0', '1374134216', '1374134216', '1', '0');
INSERT INTO `vd_city` VALUES ('4156', '289', '', '0', '1374134216', '1374134216', '1', '0');
INSERT INTO `vd_city` VALUES ('4921', '289', '', '0', '1374134216', '1374134216', '1', '0');
INSERT INTO `vd_city` VALUES ('4157', '289', '', '0', '1374134216', '1374134216', '1', '0');
INSERT INTO `vd_city` VALUES ('4922', '289', '', '0', '1374134216', '1374134216', '1', '0');
INSERT INTO `vd_city` VALUES ('4158', '289', '', '0', '1374134216', '1374134216', '1', '0');
INSERT INTO `vd_city` VALUES ('4923', '289', '', '0', '1374134216', '1374134216', '1', '0');
INSERT INTO `vd_city` VALUES ('4159', '289', '', '0', '1374134216', '1374134216', '1', '0');
INSERT INTO `vd_city` VALUES ('4924', '289', '', '0', '1374134216', '1374134216', '1', '0');
INSERT INTO `vd_city` VALUES ('4925', '289', '', '0', '1374134216', '1374134216', '1', '0');
INSERT INTO `vd_city` VALUES ('4926', '289', '', '0', '1374134216', '1374134216', '1', '0');
INSERT INTO `vd_city` VALUES ('4160', '289', '', '0', '1374134216', '1374134216', '1', '0');
INSERT INTO `vd_city` VALUES ('4927', '289', '', '0', '1374134216', '1374134216', '1', '0');
INSERT INTO `vd_city` VALUES ('4162', '289', '', '0', '1374134216', '1374134216', '1', '0');
INSERT INTO `vd_city` VALUES ('4928', '289', '', '0', '1374134216', '1374134216', '1', '0');
INSERT INTO `vd_city` VALUES ('4163', '289', '', '0', '1374134216', '1374134216', '1', '0');
INSERT INTO `vd_city` VALUES ('4929', '289', '', '0', '1374134216', '1374134216', '1', '0');
INSERT INTO `vd_city` VALUES ('4164', '289', '', '0', '1374134216', '1374134216', '1', '0');
INSERT INTO `vd_city` VALUES ('4165', '289', '', '0', '1374134216', '1374134216', '1', '0');
INSERT INTO `vd_city` VALUES ('4166', '289', '', '0', '1374134216', '1374134216', '1', '0');
INSERT INTO `vd_city` VALUES ('4167', '289', '', '0', '1374134216', '1374134216', '1', '0');
INSERT INTO `vd_city` VALUES ('4168', '289', '', '0', '1374134216', '1374134216', '1', '0');
INSERT INTO `vd_city` VALUES ('4169', '289', '', '0', '1374134216', '1374134216', '1', '0');
INSERT INTO `vd_city` VALUES ('5052', '289', '', '0', '1374134216', '1374134216', '1', '0');
INSERT INTO `vd_city` VALUES ('4170', '289', '', '0', '1374134216', '1374134216', '1', '0');
INSERT INTO `vd_city` VALUES ('4171', '290', '', '0', '1374134216', '1374134216', '1', '0');
INSERT INTO `vd_city` VALUES ('4172', '290', '', '0', '1374134216', '1374134216', '1', '0');
INSERT INTO `vd_city` VALUES ('4173', '290', '', '0', '1374134216', '1374134216', '1', '0');
INSERT INTO `vd_city` VALUES ('3927', '290', '', '0', '1374134216', '1374134216', '1', '0');
INSERT INTO `vd_city` VALUES ('4175', '290', '', '0', '1374134216', '1374134216', '1', '0');
INSERT INTO `vd_city` VALUES ('4176', '290', '', '0', '1374134216', '1374134216', '1', '0');
INSERT INTO `vd_city` VALUES ('4177', '290', '', '0', '1374134216', '1374134216', '1', '0');
INSERT INTO `vd_city` VALUES ('4178', '290', '', '0', '1374134216', '1374134216', '1', '0');
INSERT INTO `vd_city` VALUES ('4179', '290', '', '0', '1374134216', '1374134216', '1', '0');
INSERT INTO `vd_city` VALUES ('4180', '290', '', '0', '1374134216', '1374134216', '1', '0');
INSERT INTO `vd_city` VALUES ('4181', '290', '', '0', '1374134216', '1374134216', '1', '0');
INSERT INTO `vd_city` VALUES ('4182', '290', '-', '0', '1374134216', '1374134216', '1', '0');
INSERT INTO `vd_city` VALUES ('4183', '290', '', '0', '1374134216', '1374134216', '1', '0');
INSERT INTO `vd_city` VALUES ('4184', '290', '', '0', '1374134216', '1374134216', '1', '0');
INSERT INTO `vd_city` VALUES ('4185', '290', '', '0', '1374134216', '1374134216', '1', '0');
INSERT INTO `vd_city` VALUES ('4186', '290', '', '0', '1374134216', '1374134216', '1', '0');
INSERT INTO `vd_city` VALUES ('4187', '290', ' ', '0', '1374134216', '1374134216', '1', '0');
INSERT INTO `vd_city` VALUES ('4188', '290', '', '0', '1374134216', '1374134216', '1', '0');
INSERT INTO `vd_city` VALUES ('4189', '290', '', '0', '1374134216', '1374134216', '1', '0');
INSERT INTO `vd_city` VALUES ('4190', '290', '', '0', '1374134216', '1374134216', '1', '0');
INSERT INTO `vd_city` VALUES ('4192', '290', '', '0', '1374134216', '1374134216', '1', '0');
INSERT INTO `vd_city` VALUES ('4193', '290', '', '0', '1374134216', '1374134216', '1', '0');
INSERT INTO `vd_city` VALUES ('4194', '290', '', '0', '1374134216', '1374134216', '1', '0');
INSERT INTO `vd_city` VALUES ('4195', '290', '', '0', '1374134216', '1374134216', '1', '0');
INSERT INTO `vd_city` VALUES ('4196', '290', '', '0', '1374134216', '1374134216', '1', '0');
INSERT INTO `vd_city` VALUES ('4197', '290', '', '0', '1374134216', '1374134216', '1', '0');
INSERT INTO `vd_city` VALUES ('4198', '290', '', '0', '1374134216', '1374134216', '1', '0');
INSERT INTO `vd_city` VALUES ('4199', '290', '', '0', '1374134216', '1374134216', '1', '0');
INSERT INTO `vd_city` VALUES ('4200', '290', '', '0', '1374134216', '1374134216', '1', '0');
INSERT INTO `vd_city` VALUES ('4201', '290', '', '0', '1374134216', '1374134216', '1', '0');
INSERT INTO `vd_city` VALUES ('4202', '290', '', '0', '1374134216', '1374134216', '1', '0');
INSERT INTO `vd_city` VALUES ('4204', '290', '', '0', '1374134216', '1374134216', '1', '0');
INSERT INTO `vd_city` VALUES ('1748298', '290', '', '0', '1374134216', '1374134216', '1', '0');
INSERT INTO `vd_city` VALUES ('4206', '290', '', '0', '1374134216', '1374134216', '1', '0');
INSERT INTO `vd_city` VALUES ('4207', '290', ' ', '0', '1374134216', '1374134216', '1', '0');
INSERT INTO `vd_city` VALUES ('4208', '290', '', '0', '1374134216', '1374134216', '1', '0');
INSERT INTO `vd_city` VALUES ('4209', '290', '', '0', '1374134216', '1374134216', '1', '0');
INSERT INTO `vd_city` VALUES ('4210', '290', '', '0', '1374134216', '1374134216', '1', '0');
INSERT INTO `vd_city` VALUES ('4211', '290', '', '0', '1374134216', '1374134216', '1', '0');
INSERT INTO `vd_city` VALUES ('4212', '290', '', '0', '1374134216', '1374134216', '1', '0');
INSERT INTO `vd_city` VALUES ('4213', '290', '', '0', '1374134216', '1374134216', '1', '0');
INSERT INTO `vd_city` VALUES ('4214', '290', '', '0', '1374134216', '1374134216', '1', '0');
INSERT INTO `vd_city` VALUES ('4215', '290', '', '0', '1374134216', '1374134216', '1', '0');
INSERT INTO `vd_city` VALUES ('4216', '290', '', '0', '1374134216', '1374134216', '1', '0');
INSERT INTO `vd_city` VALUES ('4217', '290', '', '0', '1374134216', '1374134216', '1', '0');
INSERT INTO `vd_city` VALUES ('4218', '290', '', '0', '1374134216', '1374134216', '1', '0');
INSERT INTO `vd_city` VALUES ('4219', '290', '', '0', '1374134216', '1374134216', '1', '0');
INSERT INTO `vd_city` VALUES ('4220', '290', '', '0', '1374134216', '1374134216', '1', '0');
INSERT INTO `vd_city` VALUES ('4221', '290', '', '0', '1374134216', '1374134216', '1', '0');
INSERT INTO `vd_city` VALUES ('4222', '290', '', '0', '1374134216', '1374134216', '1', '0');
INSERT INTO `vd_city` VALUES ('4223', '290', '', '0', '1374134216', '1374134216', '1', '0');
INSERT INTO `vd_city` VALUES ('4224', '290', '', '0', '1374134216', '1374134216', '1', '0');
INSERT INTO `vd_city` VALUES ('4225', '290', '-', '0', '1374134216', '1374134216', '1', '0');
INSERT INTO `vd_city` VALUES ('4226', '290', '', '0', '1374134216', '1374134216', '1', '0');
INSERT INTO `vd_city` VALUES ('4227', '290', '', '0', '1374134216', '1374134216', '1', '0');
INSERT INTO `vd_city` VALUES ('4228', '290', '', '0', '1374134216', '1374134216', '1', '0');
INSERT INTO `vd_city` VALUES ('4229', '291', '', '0', '1374134216', '1374134216', '1', '0');
INSERT INTO `vd_city` VALUES ('4230', '291', '', '0', '1374134216', '1374134216', '1', '0');
INSERT INTO `vd_city` VALUES ('4231', '291', '', '0', '1374134216', '1374134216', '1', '0');
INSERT INTO `vd_city` VALUES ('4232', '291', '', '0', '1374134216', '1374134216', '1', '0');
INSERT INTO `vd_city` VALUES ('4233', '291', '', '0', '1374134216', '1374134216', '1', '0');
INSERT INTO `vd_city` VALUES ('4234', '291', ' ', '0', '1374134216', '1374134216', '1', '0');
INSERT INTO `vd_city` VALUES ('4235', '291', ' ', '0', '1374134216', '1374134216', '1', '0');
INSERT INTO `vd_city` VALUES ('4236', '291', '', '0', '1374134216', '1374134216', '1', '0');
INSERT INTO `vd_city` VALUES ('4061', '291', '', '0', '1374134216', '1374134216', '1', '0');
INSERT INTO `vd_city` VALUES ('4237', '291', '', '0', '1374134216', '1374134216', '1', '0');
INSERT INTO `vd_city` VALUES ('4239', '291', '', '0', '1374134216', '1374134216', '1', '0');
INSERT INTO `vd_city` VALUES ('4240', '291', '', '0', '1374134216', '1374134216', '1', '0');
INSERT INTO `vd_city` VALUES ('4241', '291', '', '0', '1374134216', '1374134216', '1', '0');
INSERT INTO `vd_city` VALUES ('4242', '291', '', '0', '1374134216', '1374134216', '1', '0');
INSERT INTO `vd_city` VALUES ('4244', '291', '', '0', '1374134216', '1374134216', '1', '0');
INSERT INTO `vd_city` VALUES ('4245', '291', '-', '0', '1374134216', '1374134216', '1', '0');
INSERT INTO `vd_city` VALUES ('4246', '291', '-', '0', '1374134216', '1374134216', '1', '0');
INSERT INTO `vd_city` VALUES ('1035074', '291', '', '0', '1374134216', '1374134216', '1', '0');
INSERT INTO `vd_city` VALUES ('4247', '291', '', '0', '1374134216', '1374134216', '1', '0');
INSERT INTO `vd_city` VALUES ('4248', '291', '', '0', '1374134216', '1374134216', '1', '0');
INSERT INTO `vd_city` VALUES ('4249', '291', '', '0', '1374134216', '1374134216', '1', '0');
INSERT INTO `vd_city` VALUES ('4250', '291', '', '0', '1374134216', '1374134216', '1', '0');
INSERT INTO `vd_city` VALUES ('1766197', '291', '', '0', '1374134216', '1374134216', '1', '0');
INSERT INTO `vd_city` VALUES ('4251', '291', '', '0', '1374134216', '1374134216', '1', '0');
INSERT INTO `vd_city` VALUES ('4252', '291', '', '0', '1374134216', '1374134216', '1', '0');
INSERT INTO `vd_city` VALUES ('4253', '291', ' ', '0', '1374134216', '1374134216', '1', '0');
INSERT INTO `vd_city` VALUES ('4254', '291', '', '0', '1374134216', '1374134216', '1', '0');
INSERT INTO `vd_city` VALUES ('4255', '291', '', '0', '1374134216', '1374134216', '1', '0');
INSERT INTO `vd_city` VALUES ('4256', '291', '', '0', '1374134216', '1374134216', '1', '0');
INSERT INTO `vd_city` VALUES ('4257', '291', '', '0', '1374134216', '1374134216', '1', '0');
INSERT INTO `vd_city` VALUES ('4258', '291', ' ', '0', '1374134216', '1374134216', '1', '0');
INSERT INTO `vd_city` VALUES ('4259', '291', '', '0', '1374134216', '1374134216', '1', '0');
INSERT INTO `vd_city` VALUES ('4260', '291', '', '0', '1374134216', '1374134216', '1', '0');
INSERT INTO `vd_city` VALUES ('4261', '291', '', '0', '1374134216', '1374134216', '1', '0');
INSERT INTO `vd_city` VALUES ('4262', '291', '', '0', '1374134216', '1374134216', '1', '0');
INSERT INTO `vd_city` VALUES ('4263', '291', '', '0', '1374134216', '1374134216', '1', '0');
INSERT INTO `vd_city` VALUES ('4264', '292', '', '0', '1374134216', '1374134216', '1', '0');
INSERT INTO `vd_city` VALUES ('4265', '292', '', '0', '1374134216', '1374134216', '1', '0');
INSERT INTO `vd_city` VALUES ('4266', '292', '', '0', '1374134216', '1374134216', '1', '0');
INSERT INTO `vd_city` VALUES ('4267', '292', '', '0', '1374134216', '1374134216', '1', '0');
INSERT INTO `vd_city` VALUES ('4268', '292', '', '0', '1374134216', '1374134216', '1', '0');
INSERT INTO `vd_city` VALUES ('4270', '292', '', '0', '1374134216', '1374134216', '1', '0');
INSERT INTO `vd_city` VALUES ('4271', '292', '', '0', '1374134216', '1374134216', '1', '0');
INSERT INTO `vd_city` VALUES ('4272', '292', '', '0', '1374134216', '1374134216', '1', '0');
INSERT INTO `vd_city` VALUES ('4273', '292', '', '0', '1374134216', '1374134216', '1', '0');
INSERT INTO `vd_city` VALUES ('4274', '292', '', '0', '1374134216', '1374134216', '1', '0');
INSERT INTO `vd_city` VALUES ('4275', '292', ' ', '0', '1374134216', '1374134216', '1', '0');
INSERT INTO `vd_city` VALUES ('4276', '292', '', '0', '1374134216', '1374134216', '1', '0');
INSERT INTO `vd_city` VALUES ('4277', '292', ' ', '0', '1374134216', '1374134216', '1', '0');
INSERT INTO `vd_city` VALUES ('4278', '292', ' ', '0', '1374134216', '1374134216', '1', '0');
INSERT INTO `vd_city` VALUES ('4279', '292', '', '0', '1374134216', '1374134216', '1', '0');
INSERT INTO `vd_city` VALUES ('4280', '292', '', '0', '1374134216', '1374134216', '1', '0');
INSERT INTO `vd_city` VALUES ('4281', '292', '', '0', '1374134216', '1374134216', '1', '0');
INSERT INTO `vd_city` VALUES ('5009', '292', '', '0', '1374134216', '1374134216', '1', '0');
INSERT INTO `vd_city` VALUES ('4282', '293', '', '0', '1374134216', '1374134216', '1', '0');
INSERT INTO `vd_city` VALUES ('4283', '293', '', '0', '1374134216', '1374134216', '1', '0');
INSERT INTO `vd_city` VALUES ('4284', '293', '', '0', '1374134216', '1374134216', '1', '0');
INSERT INTO `vd_city` VALUES ('4285', '293', '', '0', '1374134216', '1374134216', '1', '0');
INSERT INTO `vd_city` VALUES ('4286', '293', '-', '0', '1374134216', '1374134216', '1', '0');
INSERT INTO `vd_city` VALUES ('4287', '293', '', '0', '1374134216', '1374134216', '1', '0');
INSERT INTO `vd_city` VALUES ('4288', '293', '', '0', '1374134216', '1374134216', '1', '0');
INSERT INTO `vd_city` VALUES ('4289', '293', '', '0', '1374134216', '1374134216', '1', '0');
INSERT INTO `vd_city` VALUES ('4290', '293', '', '0', '1374134216', '1374134216', '1', '0');
INSERT INTO `vd_city` VALUES ('4291', '293', '', '0', '1374134216', '1374134216', '1', '0');
INSERT INTO `vd_city` VALUES ('4292', '293', ' ', '0', '1374134216', '1374134216', '1', '0');
INSERT INTO `vd_city` VALUES ('4293', '293', '', '0', '1374134216', '1374134216', '1', '0');
INSERT INTO `vd_city` VALUES ('4294', '293', '', '0', '1374134216', '1374134216', '1', '0');
INSERT INTO `vd_city` VALUES ('4295', '293', '', '0', '1374134216', '1374134216', '1', '0');
INSERT INTO `vd_city` VALUES ('4296', '293', '', '0', '1374134216', '1374134216', '1', '0');
INSERT INTO `vd_city` VALUES ('4297', '293', '', '0', '1374134216', '1374134216', '1', '0');
INSERT INTO `vd_city` VALUES ('4298', '293', '', '0', '1374134216', '1374134216', '1', '0');
INSERT INTO `vd_city` VALUES ('4299', '293', '', '0', '1374134216', '1374134216', '1', '0');
INSERT INTO `vd_city` VALUES ('4300', '293', '', '0', '1374134216', '1374134216', '1', '0');
INSERT INTO `vd_city` VALUES ('4301', '293', '', '0', '1374134216', '1374134216', '1', '0');
INSERT INTO `vd_city` VALUES ('4302', '293', ' ', '0', '1374134216', '1374134216', '1', '0');
INSERT INTO `vd_city` VALUES ('4303', '293', '', '0', '1374134216', '1374134216', '1', '0');
INSERT INTO `vd_city` VALUES ('4304', '293', '', '0', '1374134216', '1374134216', '1', '0');
INSERT INTO `vd_city` VALUES ('4305', '293', '', '0', '1374134216', '1374134216', '1', '0');
INSERT INTO `vd_city` VALUES ('4306', '293', '', '0', '1374134216', '1374134216', '1', '0');
INSERT INTO `vd_city` VALUES ('4307', '293', '', '0', '1374134216', '1374134216', '1', '0');
INSERT INTO `vd_city` VALUES ('4308', '293', '', '0', '1374134216', '1374134216', '1', '0');
INSERT INTO `vd_city` VALUES ('4309', '293', '', '0', '1374134216', '1374134216', '1', '0');
INSERT INTO `vd_city` VALUES ('4310', '293', '', '0', '1374134216', '1374134216', '1', '0');
INSERT INTO `vd_city` VALUES ('4311', '293', '', '0', '1374134216', '1374134216', '1', '0');
INSERT INTO `vd_city` VALUES ('4312', '293', '', '0', '1374134216', '1374134216', '1', '0');
INSERT INTO `vd_city` VALUES ('4313', '293', '', '0', '1374134216', '1374134216', '1', '0');
INSERT INTO `vd_city` VALUES ('4314', '293', '', '0', '1374134216', '1374134216', '1', '0');
INSERT INTO `vd_city` VALUES ('5107', '293', '', '0', '1374134216', '1374134216', '1', '0');
INSERT INTO `vd_city` VALUES ('4315', '294', '', '0', '1374134216', '1374134216', '1', '0');
INSERT INTO `vd_city` VALUES ('4316', '294', ' ', '0', '1374134216', '1374134216', '1', '0');
INSERT INTO `vd_city` VALUES ('4317', '294', '', '0', '1374134216', '1374134216', '1', '0');
INSERT INTO `vd_city` VALUES ('4318', '294', '', '0', '1374134216', '1374134216', '1', '0');
INSERT INTO `vd_city` VALUES ('4319', '294', '', '0', '1374134216', '1374134216', '1', '0');
INSERT INTO `vd_city` VALUES ('4320', '294', '', '0', '1374134216', '1374134216', '1', '0');
INSERT INTO `vd_city` VALUES ('4321', '294', '', '0', '1374134216', '1374134216', '1', '0');
INSERT INTO `vd_city` VALUES ('4322', '294', '', '0', '1374134216', '1374134216', '1', '0');
INSERT INTO `vd_city` VALUES ('4324', '294', '', '0', '1374134216', '1374134216', '1', '0');
INSERT INTO `vd_city` VALUES ('4325', '294', '', '0', '1374134216', '1374134216', '1', '0');
INSERT INTO `vd_city` VALUES ('4326', '294', '', '0', '1374134216', '1374134216', '1', '0');
INSERT INTO `vd_city` VALUES ('5095', '294', '', '0', '1374134216', '1374134216', '1', '0');
INSERT INTO `vd_city` VALUES ('4327', '294', '', '0', '1374134216', '1374134216', '1', '0');
INSERT INTO `vd_city` VALUES ('4328', '294', '', '0', '1374134216', '1374134216', '1', '0');
INSERT INTO `vd_city` VALUES ('4329', '294', '', '0', '1374134216', '1374134216', '1', '0');
INSERT INTO `vd_city` VALUES ('4330', '294', '', '0', '1374134216', '1374134216', '1', '0');
INSERT INTO `vd_city` VALUES ('4331', '294', '', '0', '1374134216', '1374134216', '1', '0');
INSERT INTO `vd_city` VALUES ('4332', '294', '', '0', '1374134216', '1374134216', '1', '0');
INSERT INTO `vd_city` VALUES ('4333', '294', ' ', '0', '1374134216', '1374134216', '1', '0');
INSERT INTO `vd_city` VALUES ('4334', '294', '', '0', '1374134216', '1374134216', '1', '0');
INSERT INTO `vd_city` VALUES ('4335', '294', '', '0', '1374134216', '1374134216', '1', '0');
INSERT INTO `vd_city` VALUES ('4336', '294', '', '0', '1374134216', '1374134216', '1', '0');
INSERT INTO `vd_city` VALUES ('4337', '294', '', '0', '1374134216', '1374134216', '1', '0');
INSERT INTO `vd_city` VALUES ('4338', '294', '', '0', '1374134216', '1374134216', '1', '0');
INSERT INTO `vd_city` VALUES ('4339', '294', '', '0', '1374134216', '1374134216', '1', '0');
INSERT INTO `vd_city` VALUES ('4340', '294', '', '0', '1374134216', '1374134216', '1', '0');
INSERT INTO `vd_city` VALUES ('4341', '294', '', '0', '1374134216', '1374134216', '1', '0');
INSERT INTO `vd_city` VALUES ('4342', '294', '', '0', '1374134216', '1374134216', '1', '0');
INSERT INTO `vd_city` VALUES ('4343', '294', '', '0', '1374134216', '1374134216', '1', '0');
INSERT INTO `vd_city` VALUES ('4344', '295', '', '0', '1374134216', '1374134216', '1', '0');
INSERT INTO `vd_city` VALUES ('4345', '295', '', '0', '1374134216', '1374134216', '1', '0');
INSERT INTO `vd_city` VALUES ('4346', '295', '', '0', '1374134216', '1374134216', '1', '0');
INSERT INTO `vd_city` VALUES ('4347', '295', '', '0', '1374134216', '1374134216', '1', '0');
INSERT INTO `vd_city` VALUES ('4348', '295', '', '0', '1374134216', '1374134216', '1', '0');
INSERT INTO `vd_city` VALUES ('4349', '295', '', '0', '1374134216', '1374134216', '1', '0');
INSERT INTO `vd_city` VALUES ('4350', '295', '', '0', '1374134216', '1374134216', '1', '0');
INSERT INTO `vd_city` VALUES ('4351', '295', '', '0', '1374134216', '1374134216', '1', '0');
INSERT INTO `vd_city` VALUES ('4352', '295', '', '0', '1374134216', '1374134216', '1', '0');
INSERT INTO `vd_city` VALUES ('4353', '295', '', '0', '1374134216', '1374134216', '1', '0');
INSERT INTO `vd_city` VALUES ('4354', '295', '', '0', '1374134216', '1374134216', '1', '0');
INSERT INTO `vd_city` VALUES ('4355', '295', '', '0', '1374134216', '1374134216', '1', '0');
INSERT INTO `vd_city` VALUES ('4356', '295', '', '0', '1374134216', '1374134216', '1', '0');
INSERT INTO `vd_city` VALUES ('4357', '295', '', '0', '1374134216', '1374134216', '1', '0');
INSERT INTO `vd_city` VALUES ('4358', '295', '', '0', '1374134216', '1374134216', '1', '0');
INSERT INTO `vd_city` VALUES ('4359', '295', '', '0', '1374134216', '1374134216', '1', '0');
INSERT INTO `vd_city` VALUES ('4361', '296', '', '0', '1374134216', '1374134216', '1', '0');
INSERT INTO `vd_city` VALUES ('4362', '296', '', '0', '1374134216', '1374134216', '1', '0');
INSERT INTO `vd_city` VALUES ('4363', '296', '', '0', '1374134216', '1374134216', '1', '0');
INSERT INTO `vd_city` VALUES ('4364', '296', ' ', '0', '1374134216', '1374134216', '1', '0');
INSERT INTO `vd_city` VALUES ('4365', '296', '', '0', '1374134216', '1374134216', '1', '0');
INSERT INTO `vd_city` VALUES ('4366', '296', '', '0', '1374134216', '1374134216', '1', '0');
INSERT INTO `vd_city` VALUES ('4367', '296', '', '0', '1374134216', '1374134216', '1', '0');
INSERT INTO `vd_city` VALUES ('4368', '296', '', '0', '1374134216', '1374134216', '1', '0');
INSERT INTO `vd_city` VALUES ('4369', '296', '-', '0', '1374134216', '1374134216', '1', '0');
INSERT INTO `vd_city` VALUES ('4370', '296', '', '0', '1374134216', '1374134216', '1', '0');
INSERT INTO `vd_city` VALUES ('4371', '296', '', '0', '1374134216', '1374134216', '1', '0');
INSERT INTO `vd_city` VALUES ('4372', '296', '', '0', '1374134216', '1374134216', '1', '0');
INSERT INTO `vd_city` VALUES ('4373', '296', '', '0', '1374134216', '1374134216', '1', '0');
INSERT INTO `vd_city` VALUES ('4374', '296', '', '0', '1374134216', '1374134216', '1', '0');
INSERT INTO `vd_city` VALUES ('4375', '296', ' ', '0', '1374134216', '1374134216', '1', '0');
INSERT INTO `vd_city` VALUES ('4376', '296', '', '0', '1374134216', '1374134216', '1', '0');
INSERT INTO `vd_city` VALUES ('4377', '296', '', '0', '1374134216', '1374134216', '1', '0');
INSERT INTO `vd_city` VALUES ('4378', '296', '', '0', '1374134216', '1374134216', '1', '0');
INSERT INTO `vd_city` VALUES ('4379', '296', '-', '0', '1374134216', '1374134216', '1', '0');
INSERT INTO `vd_city` VALUES ('4380', '296', '', '0', '1374134216', '1374134216', '1', '0');
INSERT INTO `vd_city` VALUES ('4381', '296', '', '0', '1374134216', '1374134216', '1', '0');
INSERT INTO `vd_city` VALUES ('4382', '296', '', '0', '1374134216', '1374134216', '1', '0');
INSERT INTO `vd_city` VALUES ('4384', '296', '', '0', '1374134216', '1374134216', '1', '0');
INSERT INTO `vd_city` VALUES ('4385', '297', '', '0', '1374134216', '1374134216', '1', '0');
INSERT INTO `vd_city` VALUES ('4386', '297', '', '0', '1374134216', '1374134216', '1', '0');
INSERT INTO `vd_city` VALUES ('4387', '297', '', '0', '1374134216', '1374134216', '1', '0');
INSERT INTO `vd_city` VALUES ('4388', '297', ' ', '0', '1374134216', '1374134216', '1', '0');
INSERT INTO `vd_city` VALUES ('4389', '297', '', '0', '1374134216', '1374134216', '1', '0');
INSERT INTO `vd_city` VALUES ('4390', '297', '', '0', '1374134216', '1374134216', '1', '0');
INSERT INTO `vd_city` VALUES ('4391', '297', '', '0', '1374134216', '1374134216', '1', '0');
INSERT INTO `vd_city` VALUES ('4392', '297', '', '0', '1374134216', '1374134216', '1', '0');
INSERT INTO `vd_city` VALUES ('4393', '297', '', '0', '1374134216', '1374134216', '1', '0');
INSERT INTO `vd_city` VALUES ('4394', '297', '', '0', '1374134216', '1374134216', '1', '0');
INSERT INTO `vd_city` VALUES ('4395', '297', '', '0', '1374134216', '1374134216', '1', '0');
INSERT INTO `vd_city` VALUES ('4396', '297', '', '0', '1374134216', '1374134216', '1', '0');
INSERT INTO `vd_city` VALUES ('4397', '297', ' ', '0', '1374134216', '1374134216', '1', '0');
INSERT INTO `vd_city` VALUES ('4398', '297', '', '0', '1374134216', '1374134216', '1', '0');
INSERT INTO `vd_city` VALUES ('4399', '297', '', '0', '1374134216', '1374134216', '1', '0');
INSERT INTO `vd_city` VALUES ('4400', '297', '', '0', '1374134216', '1374134216', '1', '0');
INSERT INTO `vd_city` VALUES ('4401', '297', '', '0', '1374134216', '1374134216', '1', '0');
INSERT INTO `vd_city` VALUES ('4402', '297', '', '0', '1374134216', '1374134216', '1', '0');
INSERT INTO `vd_city` VALUES ('4403', '297', '', '0', '1374134216', '1374134216', '1', '0');
INSERT INTO `vd_city` VALUES ('4404', '297', '', '0', '1374134216', '1374134216', '1', '0');
INSERT INTO `vd_city` VALUES ('4405', '297', '', '0', '1374134216', '1374134216', '1', '0');
INSERT INTO `vd_city` VALUES ('4406', '297', '', '0', '1374134216', '1374134216', '1', '0');
INSERT INTO `vd_city` VALUES ('4407', '297', '', '0', '1374134216', '1374134216', '1', '0');
INSERT INTO `vd_city` VALUES ('4408', '298', '', '0', '1374134216', '1374134216', '1', '0');
INSERT INTO `vd_city` VALUES ('4409', '298', '', '0', '1374134216', '1374134216', '1', '0');
INSERT INTO `vd_city` VALUES ('4410', '298', '', '0', '1374134216', '1374134216', '1', '0');
INSERT INTO `vd_city` VALUES ('4411', '298', '', '0', '1374134216', '1374134216', '1', '0');
INSERT INTO `vd_city` VALUES ('4412', '298', '', '0', '1374134216', '1374134216', '1', '0');
INSERT INTO `vd_city` VALUES ('4413', '298', '', '0', '1374134216', '1374134216', '1', '0');
INSERT INTO `vd_city` VALUES ('4414', '298', '', '0', '1374134216', '1374134216', '1', '0');
INSERT INTO `vd_city` VALUES ('4415', '298', '', '0', '1374134216', '1374134216', '1', '0');
INSERT INTO `vd_city` VALUES ('4416', '298', ' ', '0', '1374134216', '1374134216', '1', '0');
INSERT INTO `vd_city` VALUES ('4417', '298', '', '0', '1374134216', '1374134216', '1', '0');
INSERT INTO `vd_city` VALUES ('4419', '298', '', '0', '1374134216', '1374134216', '1', '0');
INSERT INTO `vd_city` VALUES ('4420', '298', '', '0', '1374134216', '1374134216', '1', '0');
INSERT INTO `vd_city` VALUES ('4421', '298', '', '0', '1374134216', '1374134216', '1', '0');
INSERT INTO `vd_city` VALUES ('4422', '298', '', '0', '1374134216', '1374134216', '1', '0');
INSERT INTO `vd_city` VALUES ('4418', '298', '', '0', '1374134216', '1374134216', '1', '0');
INSERT INTO `vd_city` VALUES ('4423', '298', '', '0', '1374134216', '1374134216', '1', '0');
INSERT INTO `vd_city` VALUES ('4424', '298', '', '0', '1374134216', '1374134216', '1', '0');
INSERT INTO `vd_city` VALUES ('4425', '298', ' ', '0', '1374134216', '1374134216', '1', '0');
INSERT INTO `vd_city` VALUES ('4426', '298', '', '0', '1374134216', '1374134216', '1', '0');
INSERT INTO `vd_city` VALUES ('4427', '298', '', '0', '1374134216', '1374134216', '1', '0');
INSERT INTO `vd_city` VALUES ('4428', '298', '', '0', '1374134216', '1374134216', '1', '0');
INSERT INTO `vd_city` VALUES ('4429', '298', '', '0', '1374134216', '1374134216', '1', '0');
INSERT INTO `vd_city` VALUES ('4430', '298', '', '0', '1374134216', '1374134216', '1', '0');
INSERT INTO `vd_city` VALUES ('4431', '298', '', '0', '1374134216', '1374134216', '1', '0');
INSERT INTO `vd_city` VALUES ('5073', '298', '', '0', '1374134216', '1374134216', '1', '0');
INSERT INTO `vd_city` VALUES ('4432', '298', ' ', '0', '1374134216', '1374134216', '1', '0');
INSERT INTO `vd_city` VALUES ('4433', '298', '', '0', '1374134216', '1374134216', '1', '0');
INSERT INTO `vd_city` VALUES ('5074', '298', '', '0', '1374134216', '1374134216', '1', '0');
INSERT INTO `vd_city` VALUES ('4434', '298', '', '0', '1374134216', '1374134216', '1', '0');
INSERT INTO `vd_city` VALUES ('4435', '298', '', '0', '1374134216', '1374134216', '1', '0');
INSERT INTO `vd_city` VALUES ('4436', '298', '', '0', '1374134216', '1374134216', '1', '0');
INSERT INTO `vd_city` VALUES ('4437', '298', '', '0', '1374134216', '1374134216', '1', '0');
INSERT INTO `vd_city` VALUES ('4438', '299', '-', '0', '1374134216', '1374134216', '1', '0');
INSERT INTO `vd_city` VALUES ('4439', '299', ' ', '0', '1374134216', '1374134216', '1', '0');
INSERT INTO `vd_city` VALUES ('4440', '299', '', '0', '1374134216', '1374134216', '1', '0');
INSERT INTO `vd_city` VALUES ('4441', '299', '', '0', '1374134216', '1374134216', '1', '0');
INSERT INTO `vd_city` VALUES ('4442', '299', ' ', '0', '1374134216', '1374134216', '1', '0');
INSERT INTO `vd_city` VALUES ('4443', '299', ' ', '0', '1374134216', '1374134216', '1', '0');
INSERT INTO `vd_city` VALUES ('4444', '299', ' ', '0', '1374134216', '1374134216', '1', '0');
INSERT INTO `vd_city` VALUES ('4445', '299', '', '0', '1374134216', '1374134216', '1', '0');
INSERT INTO `vd_city` VALUES ('4446', '299', '', '0', '1374134216', '1374134216', '1', '0');
INSERT INTO `vd_city` VALUES ('4447', '299', ' ', '0', '1374134216', '1374134216', '1', '0');
INSERT INTO `vd_city` VALUES ('4448', '299', '', '0', '1374134216', '1374134216', '1', '0');
INSERT INTO `vd_city` VALUES ('4449', '299', '', '0', '1374134216', '1374134216', '1', '0');
INSERT INTO `vd_city` VALUES ('4450', '299', '', '0', '1374134216', '1374134216', '1', '0');
INSERT INTO `vd_city` VALUES ('4451', '299', '', '0', '1374134216', '1374134216', '1', '0');
INSERT INTO `vd_city` VALUES ('4452', '299', '', '0', '1374134216', '1374134216', '1', '0');
INSERT INTO `vd_city` VALUES ('4453', '299', ' ', '0', '1374134216', '1374134216', '1', '0');
INSERT INTO `vd_city` VALUES ('4454', '299', ' ', '0', '1374134216', '1374134216', '1', '0');
INSERT INTO `vd_city` VALUES ('4455', '299', '', '0', '1374134216', '1374134216', '1', '0');
INSERT INTO `vd_city` VALUES ('4456', '299', '', '0', '1374134216', '1374134216', '1', '0');
INSERT INTO `vd_city` VALUES ('4457', '299', '', '0', '1374134216', '1374134216', '1', '0');
INSERT INTO `vd_city` VALUES ('4458', '299', '', '0', '1374134216', '1374134216', '1', '0');
INSERT INTO `vd_city` VALUES ('4459', '299', '', '0', '1374134216', '1374134216', '1', '0');
INSERT INTO `vd_city` VALUES ('4460', '299', '', '0', '1374134216', '1374134216', '1', '0');
INSERT INTO `vd_city` VALUES ('4461', '300', '', '0', '1374134216', '1374134216', '1', '0');
INSERT INTO `vd_city` VALUES ('4462', '300', '', '0', '1374134216', '1374134216', '1', '0');
INSERT INTO `vd_city` VALUES ('4463', '300', '', '0', '1374134216', '1374134216', '1', '0');
INSERT INTO `vd_city` VALUES ('4464', '300', '', '0', '1374134216', '1374134216', '1', '0');
INSERT INTO `vd_city` VALUES ('4465', '300', '', '0', '1374134216', '1374134216', '1', '0');
INSERT INTO `vd_city` VALUES ('4466', '300', '', '0', '1374134216', '1374134216', '1', '0');
INSERT INTO `vd_city` VALUES ('4467', '300', '', '0', '1374134216', '1374134216', '1', '0');
INSERT INTO `vd_city` VALUES ('4468', '300', '', '0', '1374134216', '1374134216', '1', '0');
INSERT INTO `vd_city` VALUES ('4469', '300', '', '0', '1374134216', '1374134216', '1', '0');
INSERT INTO `vd_city` VALUES ('4470', '300', '', '0', '1374134216', '1374134216', '1', '0');
INSERT INTO `vd_city` VALUES ('4471', '300', '-', '0', '1374134216', '1374134216', '1', '0');
INSERT INTO `vd_city` VALUES ('4472', '300', '', '0', '1374134216', '1374134216', '1', '0');
INSERT INTO `vd_city` VALUES ('4473', '300', '', '0', '1374134216', '1374134216', '1', '0');
INSERT INTO `vd_city` VALUES ('4967', '300', '', '0', '1374134216', '1374134216', '1', '0');
INSERT INTO `vd_city` VALUES ('4474', '300', ' ', '0', '1374134216', '1374134216', '1', '0');
INSERT INTO `vd_city` VALUES ('4475', '300', '', '0', '1374134216', '1374134216', '1', '0');
INSERT INTO `vd_city` VALUES ('4476', '300', '', '0', '1374134216', '1374134216', '1', '0');
INSERT INTO `vd_city` VALUES ('4477', '300', ' ', '0', '1374134216', '1374134216', '1', '0');
INSERT INTO `vd_city` VALUES ('4478', '300', '', '0', '1374134216', '1374134216', '1', '0');
INSERT INTO `vd_city` VALUES ('4479', '300', '', '0', '1374134216', '1374134216', '1', '0');
INSERT INTO `vd_city` VALUES ('4480', '300', '', '0', '1374134216', '1374134216', '1', '0');
INSERT INTO `vd_city` VALUES ('4481', '300', '', '0', '1374134216', '1374134216', '1', '0');
INSERT INTO `vd_city` VALUES ('4482', '300', '', '0', '1374134216', '1374134216', '1', '0');
INSERT INTO `vd_city` VALUES ('4483', '300', '', '0', '1374134216', '1374134216', '1', '0');
INSERT INTO `vd_city` VALUES ('1765609', '301', 'Kizliv', '0', '1374134216', '1374134216', '1', '0');
INSERT INTO `vd_city` VALUES ('4484', '301', '', '0', '1374134216', '1374134216', '1', '0');
INSERT INTO `vd_city` VALUES ('4485', '301', '', '0', '1374134216', '1374134216', '1', '0');
INSERT INTO `vd_city` VALUES ('4486', '301', '', '0', '1374134216', '1374134216', '1', '0');
INSERT INTO `vd_city` VALUES ('4487', '301', '', '0', '1374134216', '1374134216', '1', '0');
INSERT INTO `vd_city` VALUES ('4488', '301', '', '0', '1374134216', '1374134216', '1', '0');
INSERT INTO `vd_city` VALUES ('4490', '301', '', '0', '1374134216', '1374134216', '1', '0');
INSERT INTO `vd_city` VALUES ('4491', '301', '', '0', '1374134216', '1374134216', '1', '0');
INSERT INTO `vd_city` VALUES ('4492', '301', '', '0', '1374134216', '1374134216', '1', '0');
INSERT INTO `vd_city` VALUES ('4493', '301', '', '0', '1374134216', '1374134216', '1', '0');
INSERT INTO `vd_city` VALUES ('4494', '301', '', '0', '1374134216', '1374134216', '1', '0');
INSERT INTO `vd_city` VALUES ('4495', '301', '-', '0', '1374134216', '1374134216', '1', '0');
INSERT INTO `vd_city` VALUES ('4496', '301', '', '0', '1374134216', '1374134216', '1', '0');
INSERT INTO `vd_city` VALUES ('4498', '301', '', '0', '1374134216', '1374134216', '1', '0');
INSERT INTO `vd_city` VALUES ('4499', '301', '', '0', '1374134216', '1374134216', '1', '0');
INSERT INTO `vd_city` VALUES ('4500', '301', '', '0', '1374134216', '1374134216', '1', '0');
INSERT INTO `vd_city` VALUES ('4501', '301', '', '0', '1374134216', '1374134216', '1', '0');
INSERT INTO `vd_city` VALUES ('4502', '301', '', '0', '1374134216', '1374134216', '1', '0');
INSERT INTO `vd_city` VALUES ('4503', '301', '', '0', '1374134216', '1374134216', '1', '0');
INSERT INTO `vd_city` VALUES ('4504', '301', '', '0', '1374134216', '1374134216', '1', '0');
INSERT INTO `vd_city` VALUES ('4505', '301', '', '0', '1374134216', '1374134216', '1', '0');
INSERT INTO `vd_city` VALUES ('4506', '301', '', '0', '1374134216', '1374134216', '1', '0');
INSERT INTO `vd_city` VALUES ('4507', '302', '', '0', '1374134216', '1374134216', '1', '0');
INSERT INTO `vd_city` VALUES ('4508', '302', '', '0', '1374134216', '1374134216', '1', '0');
INSERT INTO `vd_city` VALUES ('4509', '302', '', '0', '1374134216', '1374134216', '1', '0');
INSERT INTO `vd_city` VALUES ('4510', '302', '', '0', '1374134216', '1374134216', '1', '0');
INSERT INTO `vd_city` VALUES ('4511', '302', '', '0', '1374134216', '1374134216', '1', '0');
INSERT INTO `vd_city` VALUES ('4512', '302', '', '0', '1374134216', '1374134216', '1', '0');
INSERT INTO `vd_city` VALUES ('4513', '302', '', '0', '1374134216', '1374134216', '1', '0');
INSERT INTO `vd_city` VALUES ('4514', '302', '', '0', '1374134216', '1374134216', '1', '0');
INSERT INTO `vd_city` VALUES ('4515', '302', '', '0', '1374134216', '1374134216', '1', '0');
INSERT INTO `vd_city` VALUES ('4516', '302', '', '0', '1374134216', '1374134216', '1', '0');
INSERT INTO `vd_city` VALUES ('4517', '302', '', '0', '1374134216', '1374134216', '1', '0');
INSERT INTO `vd_city` VALUES ('4518', '302', '', '0', '1374134216', '1374134216', '1', '0');
INSERT INTO `vd_city` VALUES ('4519', '302', '', '0', '1374134216', '1374134216', '1', '0');
INSERT INTO `vd_city` VALUES ('4520', '302', '', '0', '1374134216', '1374134216', '1', '0');
INSERT INTO `vd_city` VALUES ('4521', '302', '', '0', '1374134216', '1374134216', '1', '0');
INSERT INTO `vd_city` VALUES ('4522', '302', '', '0', '1374134216', '1374134216', '1', '0');
INSERT INTO `vd_city` VALUES ('4523', '302', '-', '0', '1374134216', '1374134216', '1', '0');
INSERT INTO `vd_city` VALUES ('4524', '302', '', '0', '1374134216', '1374134216', '1', '0');
INSERT INTO `vd_city` VALUES ('4525', '302', '', '0', '1374134216', '1374134216', '1', '0');
INSERT INTO `vd_city` VALUES ('4526', '302', '', '0', '1374134216', '1374134216', '1', '0');
INSERT INTO `vd_city` VALUES ('4527', '302', '', '0', '1374134216', '1374134216', '1', '0');
INSERT INTO `vd_city` VALUES ('4528', '302', '', '0', '1374134216', '1374134216', '1', '0');
INSERT INTO `vd_city` VALUES ('4529', '302', '', '0', '1374134216', '1374134216', '1', '0');
INSERT INTO `vd_city` VALUES ('4530', '302', '', '0', '1374134216', '1374134216', '1', '0');
INSERT INTO `vd_city` VALUES ('4531', '302', '', '0', '1374134216', '1374134216', '1', '0');
INSERT INTO `vd_city` VALUES ('4532', '303', '', '0', '1374134216', '1374134216', '1', '0');
INSERT INTO `vd_city` VALUES ('4533', '303', '', '0', '1374134216', '1374134216', '1', '0');
INSERT INTO `vd_city` VALUES ('4534', '303', '', '0', '1374134216', '1374134216', '1', '0');
INSERT INTO `vd_city` VALUES ('4535', '303', '', '0', '1374134216', '1374134216', '1', '0');
INSERT INTO `vd_city` VALUES ('4536', '303', '', '0', '1374134216', '1374134216', '1', '0');
INSERT INTO `vd_city` VALUES ('4537', '303', '', '0', '1374134216', '1374134216', '1', '0');
INSERT INTO `vd_city` VALUES ('4538', '303', '', '0', '1374134216', '1374134216', '1', '0');
INSERT INTO `vd_city` VALUES ('4539', '303', '', '0', '1374134216', '1374134216', '1', '0');
INSERT INTO `vd_city` VALUES ('4540', '303', '', '0', '1374134216', '1374134216', '1', '0');
INSERT INTO `vd_city` VALUES ('4541', '303', '', '0', '1374134216', '1374134216', '1', '0');
INSERT INTO `vd_city` VALUES ('4542', '303', '', '0', '1374134216', '1374134216', '1', '0');
INSERT INTO `vd_city` VALUES ('4543', '303', '', '0', '1374134216', '1374134216', '1', '0');
INSERT INTO `vd_city` VALUES ('4544', '303', '', '0', '1374134216', '1374134216', '1', '0');
INSERT INTO `vd_city` VALUES ('4545', '303', '', '0', '1374134216', '1374134216', '1', '0');

-- ----------------------------
-- Table structure for vd_city_lang
-- ----------------------------
DROP TABLE IF EXISTS `vd_city_lang`;
CREATE TABLE `vd_city_lang` (
  `db_rid` int(10) unsigned NOT NULL,
  `db_lang` varchar(20) NOT NULL,
  `db_namelang` varchar(100) NOT NULL,
  PRIMARY KEY (`db_rid`,`db_lang`)
) ENGINE=MyISAM DEFAULT CHARSET=utf8;

-- ----------------------------
-- Records of vd_city_lang
-- ----------------------------
INSERT INTO `vd_city_lang` VALUES ('3832', 'ru', '');
INSERT INTO `vd_city_lang` VALUES ('3833', 'ru', '');
INSERT INTO `vd_city_lang` VALUES ('3834', 'ru', '');
INSERT INTO `vd_city_lang` VALUES ('3835', 'ru', '');
INSERT INTO `vd_city_lang` VALUES ('3836', 'ru', '');
INSERT INTO `vd_city_lang` VALUES ('3837', 'ru', '');
INSERT INTO `vd_city_lang` VALUES ('3838', 'ru', '');
INSERT INTO `vd_city_lang` VALUES ('3839', 'ru', '');
INSERT INTO `vd_city_lang` VALUES ('3840', 'ru', '');
INSERT INTO `vd_city_lang` VALUES ('3841', 'ru', '');
INSERT INTO `vd_city_lang` VALUES ('3842', 'ru', '');
INSERT INTO `vd_city_lang` VALUES ('3843', 'ru', '');
INSERT INTO `vd_city_lang` VALUES ('3844', 'ru', '');
INSERT INTO `vd_city_lang` VALUES ('3845', 'ru', '');
INSERT INTO `vd_city_lang` VALUES ('3846', 'ru', '');
INSERT INTO `vd_city_lang` VALUES ('3847', 'ru', '');
INSERT INTO `vd_city_lang` VALUES ('3848', 'ru', '');
INSERT INTO `vd_city_lang` VALUES ('3849', 'ru', '');
INSERT INTO `vd_city_lang` VALUES ('3850', 'ru', '-');
INSERT INTO `vd_city_lang` VALUES ('3851', 'ru', ' ');
INSERT INTO `vd_city_lang` VALUES ('3852', 'ru', '');
INSERT INTO `vd_city_lang` VALUES ('3853', 'ru', '');
INSERT INTO `vd_city_lang` VALUES ('3854', 'ru', '');
INSERT INTO `vd_city_lang` VALUES ('3855', 'ru', '');
INSERT INTO `vd_city_lang` VALUES ('3856', 'ru', '');
INSERT INTO `vd_city_lang` VALUES ('3857', 'ru', '');
INSERT INTO `vd_city_lang` VALUES ('3858', 'ru', '');
INSERT INTO `vd_city_lang` VALUES ('3859', 'ru', '');
INSERT INTO `vd_city_lang` VALUES ('3860', 'ru', '');
INSERT INTO `vd_city_lang` VALUES ('3861', 'ru', '');
INSERT INTO `vd_city_lang` VALUES ('3862', 'ru', '');
INSERT INTO `vd_city_lang` VALUES ('3863', 'ru', '');
INSERT INTO `vd_city_lang` VALUES ('3864', 'ru', '');
INSERT INTO `vd_city_lang` VALUES ('3865', 'ru', '');
INSERT INTO `vd_city_lang` VALUES ('3866', 'ru', '-');
INSERT INTO `vd_city_lang` VALUES ('3867', 'ru', '');
INSERT INTO `vd_city_lang` VALUES ('3868', 'ru', '');
INSERT INTO `vd_city_lang` VALUES ('3869', 'ru', '');
INSERT INTO `vd_city_lang` VALUES ('3871', 'ru', '');
INSERT INTO `vd_city_lang` VALUES ('3872', 'ru', '-');
INSERT INTO `vd_city_lang` VALUES ('3873', 'ru', '');
INSERT INTO `vd_city_lang` VALUES ('3874', 'ru', '');
INSERT INTO `vd_city_lang` VALUES ('3875', 'ru', '');
INSERT INTO `vd_city_lang` VALUES ('3876', 'ru', '');
INSERT INTO `vd_city_lang` VALUES ('3877', 'ru', '');
INSERT INTO `vd_city_lang` VALUES ('3878', 'ru', '');
INSERT INTO `vd_city_lang` VALUES ('3879', 'ru', '');
INSERT INTO `vd_city_lang` VALUES ('3880', 'ru', '');
INSERT INTO `vd_city_lang` VALUES ('3881', 'ru', '');
INSERT INTO `vd_city_lang` VALUES ('3882', 'ru', '');
INSERT INTO `vd_city_lang` VALUES ('3883', 'ru', ' ');
INSERT INTO `vd_city_lang` VALUES ('3884', 'ru', '');
INSERT INTO `vd_city_lang` VALUES ('3885', 'ru', '');
INSERT INTO `vd_city_lang` VALUES ('3886', 'ru', '');
INSERT INTO `vd_city_lang` VALUES ('3887', 'ru', '');
INSERT INTO `vd_city_lang` VALUES ('3888', 'ru', '');
INSERT INTO `vd_city_lang` VALUES ('3889', 'ru', '');
INSERT INTO `vd_city_lang` VALUES ('3890', 'ru', '');
INSERT INTO `vd_city_lang` VALUES ('3891', 'ru', '');
INSERT INTO `vd_city_lang` VALUES ('3892', 'ru', '');
INSERT INTO `vd_city_lang` VALUES ('3894', 'ru', '');
INSERT INTO `vd_city_lang` VALUES ('3895', 'ru', '');
INSERT INTO `vd_city_lang` VALUES ('3896', 'ru', '');
INSERT INTO `vd_city_lang` VALUES ('3897', 'ru', '');
INSERT INTO `vd_city_lang` VALUES ('3898', 'ru', ' ');
INSERT INTO `vd_city_lang` VALUES ('5116', 'ru', '');
INSERT INTO `vd_city_lang` VALUES ('3900', 'ru', '');
INSERT INTO `vd_city_lang` VALUES ('3901', 'ru', '');
INSERT INTO `vd_city_lang` VALUES ('3902', 'ru', '');
INSERT INTO `vd_city_lang` VALUES ('3903', 'ru', '');
INSERT INTO `vd_city_lang` VALUES ('3904', 'ru', '');
INSERT INTO `vd_city_lang` VALUES ('3905', 'ru', ' ');
INSERT INTO `vd_city_lang` VALUES ('3906', 'ru', '');
INSERT INTO `vd_city_lang` VALUES ('3907', 'ru', '');
INSERT INTO `vd_city_lang` VALUES ('3908', 'ru', '');
INSERT INTO `vd_city_lang` VALUES ('3909', 'ru', '');
INSERT INTO `vd_city_lang` VALUES ('3910', 'ru', '');
INSERT INTO `vd_city_lang` VALUES ('3911', 'ru', '');
INSERT INTO `vd_city_lang` VALUES ('3912', 'ru', '');
INSERT INTO `vd_city_lang` VALUES ('3913', 'ru', '');
INSERT INTO `vd_city_lang` VALUES ('5017', 'ru', '');
INSERT INTO `vd_city_lang` VALUES ('3914', 'ru', '');
INSERT INTO `vd_city_lang` VALUES ('3915', 'ru', '');
INSERT INTO `vd_city_lang` VALUES ('3916', 'ru', '');
INSERT INTO `vd_city_lang` VALUES ('3917', 'ru', '');
INSERT INTO `vd_city_lang` VALUES ('3918', 'ru', '');
INSERT INTO `vd_city_lang` VALUES ('3919', 'ru', '');
INSERT INTO `vd_city_lang` VALUES ('3920', 'ru', '');
INSERT INTO `vd_city_lang` VALUES ('3921', 'ru', '');
INSERT INTO `vd_city_lang` VALUES ('3922', 'ru', '');
INSERT INTO `vd_city_lang` VALUES ('3923', 'ru', '');
INSERT INTO `vd_city_lang` VALUES ('3924', 'ru', '-');
INSERT INTO `vd_city_lang` VALUES ('3925', 'ru', '');
INSERT INTO `vd_city_lang` VALUES ('3926', 'ru', '');
INSERT INTO `vd_city_lang` VALUES ('3928', 'ru', '');
INSERT INTO `vd_city_lang` VALUES ('4174', 'ru', '');
INSERT INTO `vd_city_lang` VALUES ('3929', 'ru', '');
INSERT INTO `vd_city_lang` VALUES ('3930', 'ru', '');
INSERT INTO `vd_city_lang` VALUES ('3932', 'ru', '');
INSERT INTO `vd_city_lang` VALUES ('3933', 'ru', '');
INSERT INTO `vd_city_lang` VALUES ('3934', 'ru', ' ');
INSERT INTO `vd_city_lang` VALUES ('3935', 'ru', '');
INSERT INTO `vd_city_lang` VALUES ('3936', 'ru', '');
INSERT INTO `vd_city_lang` VALUES ('3937', 'ru', '');
INSERT INTO `vd_city_lang` VALUES ('3939', 'ru', '-');
INSERT INTO `vd_city_lang` VALUES ('3940', 'ru', '');
INSERT INTO `vd_city_lang` VALUES ('3941', 'ru', '');
INSERT INTO `vd_city_lang` VALUES ('3942', 'ru', '-');
INSERT INTO `vd_city_lang` VALUES ('3943', 'ru', '');
INSERT INTO `vd_city_lang` VALUES ('3944', 'ru', '');
INSERT INTO `vd_city_lang` VALUES ('3945', 'ru', '');
INSERT INTO `vd_city_lang` VALUES ('3946', 'ru', '');
INSERT INTO `vd_city_lang` VALUES ('3947', 'ru', '');
INSERT INTO `vd_city_lang` VALUES ('3948', 'ru', '');
INSERT INTO `vd_city_lang` VALUES ('3949', 'ru', '');
INSERT INTO `vd_city_lang` VALUES ('3950', 'ru', '');
INSERT INTO `vd_city_lang` VALUES ('3951', 'ru', '');
INSERT INTO `vd_city_lang` VALUES ('3952', 'ru', '');
INSERT INTO `vd_city_lang` VALUES ('3953', 'ru', '');
INSERT INTO `vd_city_lang` VALUES ('3955', 'ru', '');
INSERT INTO `vd_city_lang` VALUES ('3956', 'ru', '');
INSERT INTO `vd_city_lang` VALUES ('3957', 'ru', '');
INSERT INTO `vd_city_lang` VALUES ('3958', 'ru', '');
INSERT INTO `vd_city_lang` VALUES ('3960', 'ru', '-');
INSERT INTO `vd_city_lang` VALUES ('3961', 'ru', '');
INSERT INTO `vd_city_lang` VALUES ('5087', 'ru', '');
INSERT INTO `vd_city_lang` VALUES ('3962', 'ru', '');
INSERT INTO `vd_city_lang` VALUES ('3963', 'ru', '');
INSERT INTO `vd_city_lang` VALUES ('3964', 'ru', ' ');
INSERT INTO `vd_city_lang` VALUES ('1765574', 'ru', '');
INSERT INTO `vd_city_lang` VALUES ('3965', 'ru', '');
INSERT INTO `vd_city_lang` VALUES ('3966', 'ru', '');
INSERT INTO `vd_city_lang` VALUES ('3967', 'ru', '');
INSERT INTO `vd_city_lang` VALUES ('3968', 'ru', '');
INSERT INTO `vd_city_lang` VALUES ('3969', 'ru', '');
INSERT INTO `vd_city_lang` VALUES ('3971', 'ru', '');
INSERT INTO `vd_city_lang` VALUES ('3972', 'ru', '');
INSERT INTO `vd_city_lang` VALUES ('3973', 'ru', '');
INSERT INTO `vd_city_lang` VALUES ('3959', 'ru', '');
INSERT INTO `vd_city_lang` VALUES ('3974', 'ru', '');
INSERT INTO `vd_city_lang` VALUES ('3975', 'ru', '');
INSERT INTO `vd_city_lang` VALUES ('3976', 'ru', '');
INSERT INTO `vd_city_lang` VALUES ('5117', 'ru', '');
INSERT INTO `vd_city_lang` VALUES ('3977', 'ru', '');
INSERT INTO `vd_city_lang` VALUES ('3978', 'ru', '');
INSERT INTO `vd_city_lang` VALUES ('3979', 'ru', '');
INSERT INTO `vd_city_lang` VALUES ('3980', 'ru', '');
INSERT INTO `vd_city_lang` VALUES ('3981', 'ru', '');
INSERT INTO `vd_city_lang` VALUES ('3982', 'ru', ' ');
INSERT INTO `vd_city_lang` VALUES ('3983', 'ru', '');
INSERT INTO `vd_city_lang` VALUES ('3984', 'ru', ' ');
INSERT INTO `vd_city_lang` VALUES ('3985', 'ru', '');
INSERT INTO `vd_city_lang` VALUES ('3986', 'ru', '');
INSERT INTO `vd_city_lang` VALUES ('3987', 'ru', ' ');
INSERT INTO `vd_city_lang` VALUES ('3988', 'ru', '-');
INSERT INTO `vd_city_lang` VALUES ('3989', 'ru', '');
INSERT INTO `vd_city_lang` VALUES ('3990', 'ru', '');
INSERT INTO `vd_city_lang` VALUES ('3991', 'ru', '');
INSERT INTO `vd_city_lang` VALUES ('3992', 'ru', '');
INSERT INTO `vd_city_lang` VALUES ('3993', 'ru', '');
INSERT INTO `vd_city_lang` VALUES ('3994', 'ru', '');
INSERT INTO `vd_city_lang` VALUES ('3995', 'ru', '');
INSERT INTO `vd_city_lang` VALUES ('3996', 'ru', ' ');
INSERT INTO `vd_city_lang` VALUES ('3997', 'ru', '');
INSERT INTO `vd_city_lang` VALUES ('3998', 'ru', '');
INSERT INTO `vd_city_lang` VALUES ('3999', 'ru', '');
INSERT INTO `vd_city_lang` VALUES ('4000', 'ru', '');
INSERT INTO `vd_city_lang` VALUES ('4001', 'ru', '');
INSERT INTO `vd_city_lang` VALUES ('4002', 'ru', '');
INSERT INTO `vd_city_lang` VALUES ('4003', 'ru', '-');
INSERT INTO `vd_city_lang` VALUES ('4004', 'ru', '');
INSERT INTO `vd_city_lang` VALUES ('4005', 'ru', '');
INSERT INTO `vd_city_lang` VALUES ('4006', 'ru', '');
INSERT INTO `vd_city_lang` VALUES ('4007', 'ru', '');
INSERT INTO `vd_city_lang` VALUES ('4008', 'ru', '');
INSERT INTO `vd_city_lang` VALUES ('4009', 'ru', '');
INSERT INTO `vd_city_lang` VALUES ('4360', 'ru', '');
INSERT INTO `vd_city_lang` VALUES ('4010', 'ru', '');
INSERT INTO `vd_city_lang` VALUES ('4011', 'ru', '');
INSERT INTO `vd_city_lang` VALUES ('4012', 'ru', '');
INSERT INTO `vd_city_lang` VALUES ('4013', 'ru', '');
INSERT INTO `vd_city_lang` VALUES ('4014', 'ru', ' ');
INSERT INTO `vd_city_lang` VALUES ('4015', 'ru', ' ');
INSERT INTO `vd_city_lang` VALUES ('4016', 'ru', '');
INSERT INTO `vd_city_lang` VALUES ('4017', 'ru', '');
INSERT INTO `vd_city_lang` VALUES ('4018', 'ru', '');
INSERT INTO `vd_city_lang` VALUES ('4019', 'ru', '');
INSERT INTO `vd_city_lang` VALUES ('4020', 'ru', '');
INSERT INTO `vd_city_lang` VALUES ('4021', 'ru', '');
INSERT INTO `vd_city_lang` VALUES ('4022', 'ru', '');
INSERT INTO `vd_city_lang` VALUES ('4023', 'ru', '');
INSERT INTO `vd_city_lang` VALUES ('4024', 'ru', '');
INSERT INTO `vd_city_lang` VALUES ('4025', 'ru', '');
INSERT INTO `vd_city_lang` VALUES ('4026', 'ru', '');
INSERT INTO `vd_city_lang` VALUES ('4027', 'ru', '');
INSERT INTO `vd_city_lang` VALUES ('4028', 'ru', '');
INSERT INTO `vd_city_lang` VALUES ('4029', 'ru', '');
INSERT INTO `vd_city_lang` VALUES ('4030', 'ru', '');
INSERT INTO `vd_city_lang` VALUES ('4031', 'ru', '');
INSERT INTO `vd_city_lang` VALUES ('4032', 'ru', '');
INSERT INTO `vd_city_lang` VALUES ('4033', 'ru', '');
INSERT INTO `vd_city_lang` VALUES ('4034', 'ru', '');
INSERT INTO `vd_city_lang` VALUES ('4035', 'ru', '');
INSERT INTO `vd_city_lang` VALUES ('4036', 'ru', '-');
INSERT INTO `vd_city_lang` VALUES ('4037', 'ru', '');
INSERT INTO `vd_city_lang` VALUES ('4038', 'ru', '-');
INSERT INTO `vd_city_lang` VALUES ('4039', 'ru', '');
INSERT INTO `vd_city_lang` VALUES ('4040', 'ru', '');
INSERT INTO `vd_city_lang` VALUES ('4041', 'ru', '');
INSERT INTO `vd_city_lang` VALUES ('4042', 'ru', '');
INSERT INTO `vd_city_lang` VALUES ('4043', 'ru', '');
INSERT INTO `vd_city_lang` VALUES ('4044', 'ru', '');
INSERT INTO `vd_city_lang` VALUES ('4045', 'ru', '');
INSERT INTO `vd_city_lang` VALUES ('4046', 'ru', '');
INSERT INTO `vd_city_lang` VALUES ('4047', 'ru', '');
INSERT INTO `vd_city_lang` VALUES ('4048', 'ru', '');
INSERT INTO `vd_city_lang` VALUES ('4984', 'ru', '');
INSERT INTO `vd_city_lang` VALUES ('4049', 'ru', '');
INSERT INTO `vd_city_lang` VALUES ('4050', 'ru', '');
INSERT INTO `vd_city_lang` VALUES ('4051', 'ru', '');
INSERT INTO `vd_city_lang` VALUES ('4052', 'ru', '-');
INSERT INTO `vd_city_lang` VALUES ('4053', 'ru', '');
INSERT INTO `vd_city_lang` VALUES ('4054', 'ru', '');
INSERT INTO `vd_city_lang` VALUES ('4055', 'ru', '');
INSERT INTO `vd_city_lang` VALUES ('4056', 'ru', '');
INSERT INTO `vd_city_lang` VALUES ('4057', 'ru', '');
INSERT INTO `vd_city_lang` VALUES ('4058', 'ru', '');
INSERT INTO `vd_city_lang` VALUES ('4059', 'ru', '');
INSERT INTO `vd_city_lang` VALUES ('4060', 'ru', '');
INSERT INTO `vd_city_lang` VALUES ('4062', 'ru', '');
INSERT INTO `vd_city_lang` VALUES ('4063', 'ru', '');
INSERT INTO `vd_city_lang` VALUES ('1766192', 'ru', '');
INSERT INTO `vd_city_lang` VALUES ('4064', 'ru', '');
INSERT INTO `vd_city_lang` VALUES ('4065', 'ru', '');
INSERT INTO `vd_city_lang` VALUES ('4066', 'ru', '-');
INSERT INTO `vd_city_lang` VALUES ('4068', 'ru', '');
INSERT INTO `vd_city_lang` VALUES ('4069', 'ru', '');
INSERT INTO `vd_city_lang` VALUES ('4070', 'ru', '');
INSERT INTO `vd_city_lang` VALUES ('4071', 'ru', '');
INSERT INTO `vd_city_lang` VALUES ('4072', 'ru', '');
INSERT INTO `vd_city_lang` VALUES ('4073', 'ru', '');
INSERT INTO `vd_city_lang` VALUES ('4074', 'ru', '');
INSERT INTO `vd_city_lang` VALUES ('4075', 'ru', '');
INSERT INTO `vd_city_lang` VALUES ('4076', 'ru', '');
INSERT INTO `vd_city_lang` VALUES ('4077', 'ru', '');
INSERT INTO `vd_city_lang` VALUES ('4078', 'ru', '');
INSERT INTO `vd_city_lang` VALUES ('4079', 'ru', '');
INSERT INTO `vd_city_lang` VALUES ('4080', 'ru', '');
INSERT INTO `vd_city_lang` VALUES ('4081', 'ru', ' ');
INSERT INTO `vd_city_lang` VALUES ('4082', 'ru', '');
INSERT INTO `vd_city_lang` VALUES ('4083', 'ru', '');
INSERT INTO `vd_city_lang` VALUES ('4084', 'ru', '');
INSERT INTO `vd_city_lang` VALUES ('4085', 'ru', '');
INSERT INTO `vd_city_lang` VALUES ('4086', 'ru', '');
INSERT INTO `vd_city_lang` VALUES ('5081', 'ru', '');
INSERT INTO `vd_city_lang` VALUES ('4087', 'ru', '');
INSERT INTO `vd_city_lang` VALUES ('4088', 'ru', '');
INSERT INTO `vd_city_lang` VALUES ('1766731', 'ru', '');
INSERT INTO `vd_city_lang` VALUES ('1766501', 'ru', '');
INSERT INTO `vd_city_lang` VALUES ('1766729', 'ru', '');
INSERT INTO `vd_city_lang` VALUES ('4089', 'ru', '');
INSERT INTO `vd_city_lang` VALUES ('4090', 'ru', '');
INSERT INTO `vd_city_lang` VALUES ('5076', 'ru', '');
INSERT INTO `vd_city_lang` VALUES ('4091', 'ru', '');
INSERT INTO `vd_city_lang` VALUES ('4092', 'ru', '');
INSERT INTO `vd_city_lang` VALUES ('4093', 'ru', '');
INSERT INTO `vd_city_lang` VALUES ('4094', 'ru', '');
INSERT INTO `vd_city_lang` VALUES ('4095', 'ru', '');
INSERT INTO `vd_city_lang` VALUES ('4096', 'ru', '');
INSERT INTO `vd_city_lang` VALUES ('4097', 'ru', '');
INSERT INTO `vd_city_lang` VALUES ('4098', 'ru', '');
INSERT INTO `vd_city_lang` VALUES ('4100', 'ru', '');
INSERT INTO `vd_city_lang` VALUES ('4101', 'ru', '');
INSERT INTO `vd_city_lang` VALUES ('4102', 'ru', '');
INSERT INTO `vd_city_lang` VALUES ('4103', 'ru', '');
INSERT INTO `vd_city_lang` VALUES ('4104', 'ru', '');
INSERT INTO `vd_city_lang` VALUES ('4105', 'ru', '-');
INSERT INTO `vd_city_lang` VALUES ('4106', 'ru', '');
INSERT INTO `vd_city_lang` VALUES ('4107', 'ru', '');
INSERT INTO `vd_city_lang` VALUES ('4108', 'ru', '');
INSERT INTO `vd_city_lang` VALUES ('5024', 'ru', '');
INSERT INTO `vd_city_lang` VALUES ('4109', 'ru', '');
INSERT INTO `vd_city_lang` VALUES ('4110', 'ru', '');
INSERT INTO `vd_city_lang` VALUES ('4111', 'ru', '');
INSERT INTO `vd_city_lang` VALUES ('4112', 'ru', '');
INSERT INTO `vd_city_lang` VALUES ('4113', 'ru', '');
INSERT INTO `vd_city_lang` VALUES ('4114', 'ru', '');
INSERT INTO `vd_city_lang` VALUES ('4116', 'ru', '');
INSERT INTO `vd_city_lang` VALUES ('1766761', 'ru', '');
INSERT INTO `vd_city_lang` VALUES ('4117', 'ru', '');
INSERT INTO `vd_city_lang` VALUES ('4118', 'ru', '');
INSERT INTO `vd_city_lang` VALUES ('4119', 'ru', '');
INSERT INTO `vd_city_lang` VALUES ('4120', 'ru', '');
INSERT INTO `vd_city_lang` VALUES ('4121', 'ru', '');
INSERT INTO `vd_city_lang` VALUES ('4122', 'ru', '');
INSERT INTO `vd_city_lang` VALUES ('4123', 'ru', '');
INSERT INTO `vd_city_lang` VALUES ('4124', 'ru', '');
INSERT INTO `vd_city_lang` VALUES ('4125', 'ru', '-');
INSERT INTO `vd_city_lang` VALUES ('4126', 'ru', '');
INSERT INTO `vd_city_lang` VALUES ('4127', 'ru', '');
INSERT INTO `vd_city_lang` VALUES ('4128', 'ru', '');
INSERT INTO `vd_city_lang` VALUES ('4129', 'ru', ' ');
INSERT INTO `vd_city_lang` VALUES ('4130', 'ru', '');
INSERT INTO `vd_city_lang` VALUES ('4131', 'ru', '');
INSERT INTO `vd_city_lang` VALUES ('4132', 'ru', '');
INSERT INTO `vd_city_lang` VALUES ('4133', 'ru', '');
INSERT INTO `vd_city_lang` VALUES ('4134', 'ru', '');
INSERT INTO `vd_city_lang` VALUES ('4135', 'ru', '');
INSERT INTO `vd_city_lang` VALUES ('4136', 'ru', '');
INSERT INTO `vd_city_lang` VALUES ('4137', 'ru', '');
INSERT INTO `vd_city_lang` VALUES ('4138', 'ru', '');
INSERT INTO `vd_city_lang` VALUES ('4139', 'ru', '');
INSERT INTO `vd_city_lang` VALUES ('4141', 'ru', '');
INSERT INTO `vd_city_lang` VALUES ('4142', 'ru', '');
INSERT INTO `vd_city_lang` VALUES ('5088', 'ru', '');
INSERT INTO `vd_city_lang` VALUES ('4912', 'ru', '');
INSERT INTO `vd_city_lang` VALUES ('4143', 'ru', '');
INSERT INTO `vd_city_lang` VALUES ('4145', 'ru', '');
INSERT INTO `vd_city_lang` VALUES ('4146', 'ru', '');
INSERT INTO `vd_city_lang` VALUES ('4914', 'ru', '');
INSERT INTO `vd_city_lang` VALUES ('4915', 'ru', '');
INSERT INTO `vd_city_lang` VALUES ('4147', 'ru', '');
INSERT INTO `vd_city_lang` VALUES ('4148', 'ru', '');
INSERT INTO `vd_city_lang` VALUES ('4149', 'ru', '');
INSERT INTO `vd_city_lang` VALUES ('4150', 'ru', '');
INSERT INTO `vd_city_lang` VALUES ('4151', 'ru', '');
INSERT INTO `vd_city_lang` VALUES ('4152', 'ru', '');
INSERT INTO `vd_city_lang` VALUES ('4917', 'ru', '');
INSERT INTO `vd_city_lang` VALUES ('4153', 'ru', '');
INSERT INTO `vd_city_lang` VALUES ('4918', 'ru', '');
INSERT INTO `vd_city_lang` VALUES ('4919', 'ru', '');
INSERT INTO `vd_city_lang` VALUES ('4155', 'ru', '');
INSERT INTO `vd_city_lang` VALUES ('4920', 'ru', '');
INSERT INTO `vd_city_lang` VALUES ('4156', 'ru', '');
INSERT INTO `vd_city_lang` VALUES ('4921', 'ru', '');
INSERT INTO `vd_city_lang` VALUES ('4157', 'ru', '');
INSERT INTO `vd_city_lang` VALUES ('4922', 'ru', '');
INSERT INTO `vd_city_lang` VALUES ('4158', 'ru', '');
INSERT INTO `vd_city_lang` VALUES ('4923', 'ru', '');
INSERT INTO `vd_city_lang` VALUES ('4159', 'ru', '');
INSERT INTO `vd_city_lang` VALUES ('4924', 'ru', '');
INSERT INTO `vd_city_lang` VALUES ('4925', 'ru', '');
INSERT INTO `vd_city_lang` VALUES ('4926', 'ru', '');
INSERT INTO `vd_city_lang` VALUES ('4160', 'ru', '');
INSERT INTO `vd_city_lang` VALUES ('4927', 'ru', '');
INSERT INTO `vd_city_lang` VALUES ('4162', 'ru', '');
INSERT INTO `vd_city_lang` VALUES ('4928', 'ru', '');
INSERT INTO `vd_city_lang` VALUES ('4163', 'ru', '');
INSERT INTO `vd_city_lang` VALUES ('4929', 'ru', '');
INSERT INTO `vd_city_lang` VALUES ('4164', 'ru', '');
INSERT INTO `vd_city_lang` VALUES ('4165', 'ru', '');
INSERT INTO `vd_city_lang` VALUES ('4166', 'ru', '');
INSERT INTO `vd_city_lang` VALUES ('4167', 'ru', '');
INSERT INTO `vd_city_lang` VALUES ('4168', 'ru', '');
INSERT INTO `vd_city_lang` VALUES ('4169', 'ru', '');
INSERT INTO `vd_city_lang` VALUES ('5052', 'ru', '');
INSERT INTO `vd_city_lang` VALUES ('4170', 'ru', '');
INSERT INTO `vd_city_lang` VALUES ('4171', 'ru', '');
INSERT INTO `vd_city_lang` VALUES ('4172', 'ru', '');
INSERT INTO `vd_city_lang` VALUES ('4173', 'ru', '');
INSERT INTO `vd_city_lang` VALUES ('3927', 'ru', '');
INSERT INTO `vd_city_lang` VALUES ('4175', 'ru', '');
INSERT INTO `vd_city_lang` VALUES ('4176', 'ru', '');
INSERT INTO `vd_city_lang` VALUES ('4177', 'ru', '');
INSERT INTO `vd_city_lang` VALUES ('4178', 'ru', '');
INSERT INTO `vd_city_lang` VALUES ('4179', 'ru', '');
INSERT INTO `vd_city_lang` VALUES ('4180', 'ru', '');
INSERT INTO `vd_city_lang` VALUES ('4181', 'ru', '');
INSERT INTO `vd_city_lang` VALUES ('4182', 'ru', '-');
INSERT INTO `vd_city_lang` VALUES ('4183', 'ru', '');
INSERT INTO `vd_city_lang` VALUES ('4184', 'ru', '');
INSERT INTO `vd_city_lang` VALUES ('4185', 'ru', '');
INSERT INTO `vd_city_lang` VALUES ('4186', 'ru', '');
INSERT INTO `vd_city_lang` VALUES ('4187', 'ru', ' ');
INSERT INTO `vd_city_lang` VALUES ('4188', 'ru', '');
INSERT INTO `vd_city_lang` VALUES ('4189', 'ru', '');
INSERT INTO `vd_city_lang` VALUES ('4190', 'ru', '');
INSERT INTO `vd_city_lang` VALUES ('4192', 'ru', '');
INSERT INTO `vd_city_lang` VALUES ('4193', 'ru', '');
INSERT INTO `vd_city_lang` VALUES ('4194', 'ru', '');
INSERT INTO `vd_city_lang` VALUES ('4195', 'ru', '');
INSERT INTO `vd_city_lang` VALUES ('4196', 'ru', '');
INSERT INTO `vd_city_lang` VALUES ('4197', 'ru', '');
INSERT INTO `vd_city_lang` VALUES ('4198', 'ru', '');
INSERT INTO `vd_city_lang` VALUES ('4199', 'ru', '');
INSERT INTO `vd_city_lang` VALUES ('4200', 'ru', '');
INSERT INTO `vd_city_lang` VALUES ('4201', 'ru', '');
INSERT INTO `vd_city_lang` VALUES ('4202', 'ru', '');
INSERT INTO `vd_city_lang` VALUES ('4204', 'ru', '');
INSERT INTO `vd_city_lang` VALUES ('1748298', 'ru', '');
INSERT INTO `vd_city_lang` VALUES ('4206', 'ru', '');
INSERT INTO `vd_city_lang` VALUES ('4207', 'ru', ' ');
INSERT INTO `vd_city_lang` VALUES ('4208', 'ru', '');
INSERT INTO `vd_city_lang` VALUES ('4209', 'ru', '');
INSERT INTO `vd_city_lang` VALUES ('4210', 'ru', '');
INSERT INTO `vd_city_lang` VALUES ('4211', 'ru', '');
INSERT INTO `vd_city_lang` VALUES ('4212', 'ru', '');
INSERT INTO `vd_city_lang` VALUES ('4213', 'ru', '');
INSERT INTO `vd_city_lang` VALUES ('4214', 'ru', '');
INSERT INTO `vd_city_lang` VALUES ('4215', 'ru', '');
INSERT INTO `vd_city_lang` VALUES ('4216', 'ru', '');
INSERT INTO `vd_city_lang` VALUES ('4217', 'ru', '');
INSERT INTO `vd_city_lang` VALUES ('4218', 'ru', '');
INSERT INTO `vd_city_lang` VALUES ('4219', 'ru', '');
INSERT INTO `vd_city_lang` VALUES ('4220', 'ru', '');
INSERT INTO `vd_city_lang` VALUES ('4221', 'ru', '');
INSERT INTO `vd_city_lang` VALUES ('4222', 'ru', '');
INSERT INTO `vd_city_lang` VALUES ('4223', 'ru', '');
INSERT INTO `vd_city_lang` VALUES ('4224', 'ru', '');
INSERT INTO `vd_city_lang` VALUES ('4225', 'ru', '-');
INSERT INTO `vd_city_lang` VALUES ('4226', 'ru', '');
INSERT INTO `vd_city_lang` VALUES ('4227', 'ru', '');
INSERT INTO `vd_city_lang` VALUES ('4228', 'ru', '');
INSERT INTO `vd_city_lang` VALUES ('4229', 'ru', '');
INSERT INTO `vd_city_lang` VALUES ('4230', 'ru', '');
INSERT INTO `vd_city_lang` VALUES ('4231', 'ru', '');
INSERT INTO `vd_city_lang` VALUES ('4232', 'ru', '');
INSERT INTO `vd_city_lang` VALUES ('4233', 'ru', '');
INSERT INTO `vd_city_lang` VALUES ('4234', 'ru', ' ');
INSERT INTO `vd_city_lang` VALUES ('4235', 'ru', ' ');
INSERT INTO `vd_city_lang` VALUES ('4236', 'ru', '');
INSERT INTO `vd_city_lang` VALUES ('4061', 'ru', '');
INSERT INTO `vd_city_lang` VALUES ('4237', 'ru', '');
INSERT INTO `vd_city_lang` VALUES ('4239', 'ru', '');
INSERT INTO `vd_city_lang` VALUES ('4240', 'ru', '');
INSERT INTO `vd_city_lang` VALUES ('4241', 'ru', '');
INSERT INTO `vd_city_lang` VALUES ('4242', 'ru', '');
INSERT INTO `vd_city_lang` VALUES ('4244', 'ru', '');
INSERT INTO `vd_city_lang` VALUES ('4245', 'ru', '-');
INSERT INTO `vd_city_lang` VALUES ('4246', 'ru', '-');
INSERT INTO `vd_city_lang` VALUES ('1035074', 'ru', '');
INSERT INTO `vd_city_lang` VALUES ('4247', 'ru', '');
INSERT INTO `vd_city_lang` VALUES ('4248', 'ru', '');
INSERT INTO `vd_city_lang` VALUES ('4249', 'ru', '');
INSERT INTO `vd_city_lang` VALUES ('4250', 'ru', '');
INSERT INTO `vd_city_lang` VALUES ('1766197', 'ru', '');
INSERT INTO `vd_city_lang` VALUES ('4251', 'ru', '');
INSERT INTO `vd_city_lang` VALUES ('4252', 'ru', '');
INSERT INTO `vd_city_lang` VALUES ('4253', 'ru', ' ');
INSERT INTO `vd_city_lang` VALUES ('4254', 'ru', '');
INSERT INTO `vd_city_lang` VALUES ('4255', 'ru', '');
INSERT INTO `vd_city_lang` VALUES ('4256', 'ru', '');
INSERT INTO `vd_city_lang` VALUES ('4257', 'ru', '');
INSERT INTO `vd_city_lang` VALUES ('4258', 'ru', ' ');
INSERT INTO `vd_city_lang` VALUES ('4259', 'ru', '');
INSERT INTO `vd_city_lang` VALUES ('4260', 'ru', '');
INSERT INTO `vd_city_lang` VALUES ('4261', 'ru', '');
INSERT INTO `vd_city_lang` VALUES ('4262', 'ru', '');
INSERT INTO `vd_city_lang` VALUES ('4263', 'ru', '');
INSERT INTO `vd_city_lang` VALUES ('4264', 'ru', '');
INSERT INTO `vd_city_lang` VALUES ('4265', 'ru', '');
INSERT INTO `vd_city_lang` VALUES ('4266', 'ru', '');
INSERT INTO `vd_city_lang` VALUES ('4267', 'ru', '');
INSERT INTO `vd_city_lang` VALUES ('4268', 'ru', '');
INSERT INTO `vd_city_lang` VALUES ('4270', 'ru', '');
INSERT INTO `vd_city_lang` VALUES ('4271', 'ru', '');
INSERT INTO `vd_city_lang` VALUES ('4272', 'ru', '');
INSERT INTO `vd_city_lang` VALUES ('4273', 'ru', '');
INSERT INTO `vd_city_lang` VALUES ('4274', 'ru', '');
INSERT INTO `vd_city_lang` VALUES ('4275', 'ru', ' ');
INSERT INTO `vd_city_lang` VALUES ('4276', 'ru', '');
INSERT INTO `vd_city_lang` VALUES ('4277', 'ru', ' ');
INSERT INTO `vd_city_lang` VALUES ('4278', 'ru', ' ');
INSERT INTO `vd_city_lang` VALUES ('4279', 'ru', '');
INSERT INTO `vd_city_lang` VALUES ('4280', 'ru', '');
INSERT INTO `vd_city_lang` VALUES ('4281', 'ru', '');
INSERT INTO `vd_city_lang` VALUES ('5009', 'ru', '');
INSERT INTO `vd_city_lang` VALUES ('4282', 'ru', '');
INSERT INTO `vd_city_lang` VALUES ('4283', 'ru', '');
INSERT INTO `vd_city_lang` VALUES ('4284', 'ru', '');
INSERT INTO `vd_city_lang` VALUES ('4285', 'ru', '');
INSERT INTO `vd_city_lang` VALUES ('4286', 'ru', '-');
INSERT INTO `vd_city_lang` VALUES ('4287', 'ru', '');
INSERT INTO `vd_city_lang` VALUES ('4288', 'ru', '');
INSERT INTO `vd_city_lang` VALUES ('4289', 'ru', '');
INSERT INTO `vd_city_lang` VALUES ('4290', 'ru', '');
INSERT INTO `vd_city_lang` VALUES ('4291', 'ru', '');
INSERT INTO `vd_city_lang` VALUES ('4292', 'ru', ' ');
INSERT INTO `vd_city_lang` VALUES ('4293', 'ru', '');
INSERT INTO `vd_city_lang` VALUES ('4294', 'ru', '');
INSERT INTO `vd_city_lang` VALUES ('4295', 'ru', '');
INSERT INTO `vd_city_lang` VALUES ('4296', 'ru', '');
INSERT INTO `vd_city_lang` VALUES ('4297', 'ru', '');
INSERT INTO `vd_city_lang` VALUES ('4298', 'ru', '');
INSERT INTO `vd_city_lang` VALUES ('4299', 'ru', '');
INSERT INTO `vd_city_lang` VALUES ('4300', 'ru', '');
INSERT INTO `vd_city_lang` VALUES ('4301', 'ru', '');
INSERT INTO `vd_city_lang` VALUES ('4302', 'ru', ' ');
INSERT INTO `vd_city_lang` VALUES ('4303', 'ru', '');
INSERT INTO `vd_city_lang` VALUES ('4304', 'ru', '');
INSERT INTO `vd_city_lang` VALUES ('4305', 'ru', '');
INSERT INTO `vd_city_lang` VALUES ('4306', 'ru', '');
INSERT INTO `vd_city_lang` VALUES ('4307', 'ru', '');
INSERT INTO `vd_city_lang` VALUES ('4308', 'ru', '');
INSERT INTO `vd_city_lang` VALUES ('4309', 'ru', '');
INSERT INTO `vd_city_lang` VALUES ('4310', 'ru', '');
INSERT INTO `vd_city_lang` VALUES ('4311', 'ru', '');
INSERT INTO `vd_city_lang` VALUES ('4312', 'ru', '');
INSERT INTO `vd_city_lang` VALUES ('4313', 'ru', '');
INSERT INTO `vd_city_lang` VALUES ('4314', 'ru', '');
INSERT INTO `vd_city_lang` VALUES ('5107', 'ru', '');
INSERT INTO `vd_city_lang` VALUES ('4315', 'ru', '');
INSERT INTO `vd_city_lang` VALUES ('4316', 'ru', ' ');
INSERT INTO `vd_city_lang` VALUES ('4317', 'ru', '');
INSERT INTO `vd_city_lang` VALUES ('4318', 'ru', '');
INSERT INTO `vd_city_lang` VALUES ('4319', 'ru', '');
INSERT INTO `vd_city_lang` VALUES ('4320', 'ru', '');
INSERT INTO `vd_city_lang` VALUES ('4321', 'ru', '');
INSERT INTO `vd_city_lang` VALUES ('4322', 'ru', '');
INSERT INTO `vd_city_lang` VALUES ('4324', 'ru', '');
INSERT INTO `vd_city_lang` VALUES ('4325', 'ru', '');
INSERT INTO `vd_city_lang` VALUES ('4326', 'ru', '');
INSERT INTO `vd_city_lang` VALUES ('5095', 'ru', '');
INSERT INTO `vd_city_lang` VALUES ('4327', 'ru', '');
INSERT INTO `vd_city_lang` VALUES ('4328', 'ru', '');
INSERT INTO `vd_city_lang` VALUES ('4329', 'ru', '');
INSERT INTO `vd_city_lang` VALUES ('4330', 'ru', '');
INSERT INTO `vd_city_lang` VALUES ('4331', 'ru', '');
INSERT INTO `vd_city_lang` VALUES ('4332', 'ru', '');
INSERT INTO `vd_city_lang` VALUES ('4333', 'ru', ' ');
INSERT INTO `vd_city_lang` VALUES ('4334', 'ru', '');
INSERT INTO `vd_city_lang` VALUES ('4335', 'ru', '');
INSERT INTO `vd_city_lang` VALUES ('4336', 'ru', '');
INSERT INTO `vd_city_lang` VALUES ('4337', 'ru', '');
INSERT INTO `vd_city_lang` VALUES ('4338', 'ru', '');
INSERT INTO `vd_city_lang` VALUES ('4339', 'ru', '');
INSERT INTO `vd_city_lang` VALUES ('4340', 'ru', '');
INSERT INTO `vd_city_lang` VALUES ('4341', 'ru', '');
INSERT INTO `vd_city_lang` VALUES ('4342', 'ru', '');
INSERT INTO `vd_city_lang` VALUES ('4343', 'ru', '');
INSERT INTO `vd_city_lang` VALUES ('4344', 'ru', '');
INSERT INTO `vd_city_lang` VALUES ('4345', 'ru', '');
INSERT INTO `vd_city_lang` VALUES ('4346', 'ru', '');
INSERT INTO `vd_city_lang` VALUES ('4347', 'ru', '');
INSERT INTO `vd_city_lang` VALUES ('4348', 'ru', '');
INSERT INTO `vd_city_lang` VALUES ('4349', 'ru', '');
INSERT INTO `vd_city_lang` VALUES ('4350', 'ru', '');
INSERT INTO `vd_city_lang` VALUES ('4351', 'ru', '');
INSERT INTO `vd_city_lang` VALUES ('4352', 'ru', '');
INSERT INTO `vd_city_lang` VALUES ('4353', 'ru', '');
INSERT INTO `vd_city_lang` VALUES ('4354', 'ru', '');
INSERT INTO `vd_city_lang` VALUES ('4355', 'ru', '');
INSERT INTO `vd_city_lang` VALUES ('4356', 'ru', '');
INSERT INTO `vd_city_lang` VALUES ('4357', 'ru', '');
INSERT INTO `vd_city_lang` VALUES ('4358', 'ru', '');
INSERT INTO `vd_city_lang` VALUES ('4359', 'ru', '');
INSERT INTO `vd_city_lang` VALUES ('4361', 'ru', '');
INSERT INTO `vd_city_lang` VALUES ('4362', 'ru', '');
INSERT INTO `vd_city_lang` VALUES ('4363', 'ru', '');
INSERT INTO `vd_city_lang` VALUES ('4364', 'ru', ' ');
INSERT INTO `vd_city_lang` VALUES ('4365', 'ru', '');
INSERT INTO `vd_city_lang` VALUES ('4366', 'ru', '');
INSERT INTO `vd_city_lang` VALUES ('4367', 'ru', '');
INSERT INTO `vd_city_lang` VALUES ('4368', 'ru', '');
INSERT INTO `vd_city_lang` VALUES ('4369', 'ru', '-');
INSERT INTO `vd_city_lang` VALUES ('4370', 'ru', '');
INSERT INTO `vd_city_lang` VALUES ('4371', 'ru', '');
INSERT INTO `vd_city_lang` VALUES ('4372', 'ru', '');
INSERT INTO `vd_city_lang` VALUES ('4373', 'ru', '');
INSERT INTO `vd_city_lang` VALUES ('4374', 'ru', '');
INSERT INTO `vd_city_lang` VALUES ('4375', 'ru', ' ');
INSERT INTO `vd_city_lang` VALUES ('4376', 'ru', '');
INSERT INTO `vd_city_lang` VALUES ('4377', 'ru', '');
INSERT INTO `vd_city_lang` VALUES ('4378', 'ru', '');
INSERT INTO `vd_city_lang` VALUES ('4379', 'ru', '-');
INSERT INTO `vd_city_lang` VALUES ('4380', 'ru', '');
INSERT INTO `vd_city_lang` VALUES ('4381', 'ru', '');
INSERT INTO `vd_city_lang` VALUES ('4382', 'ru', '');
INSERT INTO `vd_city_lang` VALUES ('4384', 'ru', '');
INSERT INTO `vd_city_lang` VALUES ('4385', 'ru', '');
INSERT INTO `vd_city_lang` VALUES ('4386', 'ru', '');
INSERT INTO `vd_city_lang` VALUES ('4387', 'ru', '');
INSERT INTO `vd_city_lang` VALUES ('4388', 'ru', ' ');
INSERT INTO `vd_city_lang` VALUES ('4389', 'ru', '');
INSERT INTO `vd_city_lang` VALUES ('4390', 'ru', '');
INSERT INTO `vd_city_lang` VALUES ('4391', 'ru', '');
INSERT INTO `vd_city_lang` VALUES ('4392', 'ru', '');
INSERT INTO `vd_city_lang` VALUES ('4393', 'ru', '');
INSERT INTO `vd_city_lang` VALUES ('4394', 'ru', '');
INSERT INTO `vd_city_lang` VALUES ('4395', 'ru', '');
INSERT INTO `vd_city_lang` VALUES ('4396', 'ru', '');
INSERT INTO `vd_city_lang` VALUES ('4397', 'ru', ' ');
INSERT INTO `vd_city_lang` VALUES ('4398', 'ru', '');
INSERT INTO `vd_city_lang` VALUES ('4399', 'ru', '');
INSERT INTO `vd_city_lang` VALUES ('4400', 'ru', '');
INSERT INTO `vd_city_lang` VALUES ('4401', 'ru', '');
INSERT INTO `vd_city_lang` VALUES ('4402', 'ru', '');
INSERT INTO `vd_city_lang` VALUES ('4403', 'ru', '');
INSERT INTO `vd_city_lang` VALUES ('4404', 'ru', '');
INSERT INTO `vd_city_lang` VALUES ('4405', 'ru', '');
INSERT INTO `vd_city_lang` VALUES ('4406', 'ru', '');
INSERT INTO `vd_city_lang` VALUES ('4407', 'ru', '');
INSERT INTO `vd_city_lang` VALUES ('4408', 'ru', '');
INSERT INTO `vd_city_lang` VALUES ('4409', 'ru', '');
INSERT INTO `vd_city_lang` VALUES ('4410', 'ru', '');
INSERT INTO `vd_city_lang` VALUES ('4411', 'ru', '');
INSERT INTO `vd_city_lang` VALUES ('4412', 'ru', '');
INSERT INTO `vd_city_lang` VALUES ('4413', 'ru', '');
INSERT INTO `vd_city_lang` VALUES ('4414', 'ru', '');
INSERT INTO `vd_city_lang` VALUES ('4415', 'ru', '');
INSERT INTO `vd_city_lang` VALUES ('4416', 'ru', ' ');
INSERT INTO `vd_city_lang` VALUES ('4417', 'ru', '');
INSERT INTO `vd_city_lang` VALUES ('4419', 'ru', '');
INSERT INTO `vd_city_lang` VALUES ('4420', 'ru', '');
INSERT INTO `vd_city_lang` VALUES ('4421', 'ru', '');
INSERT INTO `vd_city_lang` VALUES ('4422', 'ru', '');
INSERT INTO `vd_city_lang` VALUES ('4418', 'ru', '');
INSERT INTO `vd_city_lang` VALUES ('4423', 'ru', '');
INSERT INTO `vd_city_lang` VALUES ('4424', 'ru', '');
INSERT INTO `vd_city_lang` VALUES ('4425', 'ru', ' ');
INSERT INTO `vd_city_lang` VALUES ('4426', 'ru', '');
INSERT INTO `vd_city_lang` VALUES ('4427', 'ru', '');
INSERT INTO `vd_city_lang` VALUES ('4428', 'ru', '');
INSERT INTO `vd_city_lang` VALUES ('4429', 'ru', '');
INSERT INTO `vd_city_lang` VALUES ('4430', 'ru', '');
INSERT INTO `vd_city_lang` VALUES ('4431', 'ru', '');
INSERT INTO `vd_city_lang` VALUES ('5073', 'ru', '');
INSERT INTO `vd_city_lang` VALUES ('4432', 'ru', ' ');
INSERT INTO `vd_city_lang` VALUES ('4433', 'ru', '');
INSERT INTO `vd_city_lang` VALUES ('5074', 'ru', '');
INSERT INTO `vd_city_lang` VALUES ('4434', 'ru', '');
INSERT INTO `vd_city_lang` VALUES ('4435', 'ru', '');
INSERT INTO `vd_city_lang` VALUES ('4436', 'ru', '');
INSERT INTO `vd_city_lang` VALUES ('4437', 'ru', '');
INSERT INTO `vd_city_lang` VALUES ('4438', 'ru', '-');
INSERT INTO `vd_city_lang` VALUES ('4439', 'ru', ' ');
INSERT INTO `vd_city_lang` VALUES ('4440', 'ru', '');
INSERT INTO `vd_city_lang` VALUES ('4441', 'ru', '');
INSERT INTO `vd_city_lang` VALUES ('4442', 'ru', ' ');
INSERT INTO `vd_city_lang` VALUES ('4443', 'ru', ' ');
INSERT INTO `vd_city_lang` VALUES ('4444', 'ru', ' ');
INSERT INTO `vd_city_lang` VALUES ('4445', 'ru', '');
INSERT INTO `vd_city_lang` VALUES ('4446', 'ru', '');
INSERT INTO `vd_city_lang` VALUES ('4447', 'ru', ' ');
INSERT INTO `vd_city_lang` VALUES ('4448', 'ru', '');
INSERT INTO `vd_city_lang` VALUES ('4449', 'ru', '');
INSERT INTO `vd_city_lang` VALUES ('4450', 'ru', '');
INSERT INTO `vd_city_lang` VALUES ('4451', 'ru', '');
INSERT INTO `vd_city_lang` VALUES ('4452', 'ru', '');
INSERT INTO `vd_city_lang` VALUES ('4453', 'ru', ' ');
INSERT INTO `vd_city_lang` VALUES ('4454', 'ru', ' ');
INSERT INTO `vd_city_lang` VALUES ('4455', 'ru', '');
INSERT INTO `vd_city_lang` VALUES ('4456', 'ru', '');
INSERT INTO `vd_city_lang` VALUES ('4457', 'ru', '');
INSERT INTO `vd_city_lang` VALUES ('4458', 'ru', '');
INSERT INTO `vd_city_lang` VALUES ('4459', 'ru', '');
INSERT INTO `vd_city_lang` VALUES ('4460', 'ru', '');
INSERT INTO `vd_city_lang` VALUES ('4461', 'ru', '');
INSERT INTO `vd_city_lang` VALUES ('4462', 'ru', '');
INSERT INTO `vd_city_lang` VALUES ('4463', 'ru', '');
INSERT INTO `vd_city_lang` VALUES ('4464', 'ru', '');
INSERT INTO `vd_city_lang` VALUES ('4465', 'ru', '');
INSERT INTO `vd_city_lang` VALUES ('4466', 'ru', '');
INSERT INTO `vd_city_lang` VALUES ('4467', 'ru', '');
INSERT INTO `vd_city_lang` VALUES ('4468', 'ru', '');
INSERT INTO `vd_city_lang` VALUES ('4469', 'ru', '');
INSERT INTO `vd_city_lang` VALUES ('4470', 'ru', '');
INSERT INTO `vd_city_lang` VALUES ('4471', 'ru', '-');
INSERT INTO `vd_city_lang` VALUES ('4472', 'ru', '');
INSERT INTO `vd_city_lang` VALUES ('4473', 'ru', '');
INSERT INTO `vd_city_lang` VALUES ('4967', 'ru', '');
INSERT INTO `vd_city_lang` VALUES ('4474', 'ru', ' ');
INSERT INTO `vd_city_lang` VALUES ('4475', 'ru', '');
INSERT INTO `vd_city_lang` VALUES ('4476', 'ru', '');
INSERT INTO `vd_city_lang` VALUES ('4477', 'ru', ' ');
INSERT INTO `vd_city_lang` VALUES ('4478', 'ru', '');
INSERT INTO `vd_city_lang` VALUES ('4479', 'ru', '');
INSERT INTO `vd_city_lang` VALUES ('4480', 'ru', '');
INSERT INTO `vd_city_lang` VALUES ('4481', 'ru', '');
INSERT INTO `vd_city_lang` VALUES ('4482', 'ru', '');
INSERT INTO `vd_city_lang` VALUES ('4483', 'ru', '');
INSERT INTO `vd_city_lang` VALUES ('1765609', 'ru', 'Kizliv');
INSERT INTO `vd_city_lang` VALUES ('4484', 'ru', '');
INSERT INTO `vd_city_lang` VALUES ('4485', 'ru', '');
INSERT INTO `vd_city_lang` VALUES ('4486', 'ru', '');
INSERT INTO `vd_city_lang` VALUES ('4487', 'ru', '');
INSERT INTO `vd_city_lang` VALUES ('4488', 'ru', '');
INSERT INTO `vd_city_lang` VALUES ('4490', 'ru', '');
INSERT INTO `vd_city_lang` VALUES ('4491', 'ru', '');
INSERT INTO `vd_city_lang` VALUES ('4492', 'ru', '');
INSERT INTO `vd_city_lang` VALUES ('4493', 'ru', '');
INSERT INTO `vd_city_lang` VALUES ('4494', 'ru', '');
INSERT INTO `vd_city_lang` VALUES ('4495', 'ru', '-');
INSERT INTO `vd_city_lang` VALUES ('4496', 'ru', '');
INSERT INTO `vd_city_lang` VALUES ('4498', 'ru', '');
INSERT INTO `vd_city_lang` VALUES ('4499', 'ru', '');
INSERT INTO `vd_city_lang` VALUES ('4500', 'ru', '');
INSERT INTO `vd_city_lang` VALUES ('4501', 'ru', '');
INSERT INTO `vd_city_lang` VALUES ('4502', 'ru', '');
INSERT INTO `vd_city_lang` VALUES ('4503', 'ru', '');
INSERT INTO `vd_city_lang` VALUES ('4504', 'ru', '');
INSERT INTO `vd_city_lang` VALUES ('4505', 'ru', '');
INSERT INTO `vd_city_lang` VALUES ('4506', 'ru', '');
INSERT INTO `vd_city_lang` VALUES ('4507', 'ru', '');
INSERT INTO `vd_city_lang` VALUES ('4508', 'ru', '');
INSERT INTO `vd_city_lang` VALUES ('4509', 'ru', '');
INSERT INTO `vd_city_lang` VALUES ('4510', 'ru', '');
INSERT INTO `vd_city_lang` VALUES ('4511', 'ru', '');
INSERT INTO `vd_city_lang` VALUES ('4512', 'ru', '');
INSERT INTO `vd_city_lang` VALUES ('4513', 'ru', '');
INSERT INTO `vd_city_lang` VALUES ('4514', 'ru', '');
INSERT INTO `vd_city_lang` VALUES ('4515', 'ru', '');
INSERT INTO `vd_city_lang` VALUES ('4516', 'ru', '');
INSERT INTO `vd_city_lang` VALUES ('4517', 'ru', '');
INSERT INTO `vd_city_lang` VALUES ('4518', 'ru', '');
INSERT INTO `vd_city_lang` VALUES ('4519', 'ru', '');
INSERT INTO `vd_city_lang` VALUES ('4520', 'ru', '');
INSERT INTO `vd_city_lang` VALUES ('4521', 'ru', '');
INSERT INTO `vd_city_lang` VALUES ('4522', 'ru', '');
INSERT INTO `vd_city_lang` VALUES ('4523', 'ru', '-');
INSERT INTO `vd_city_lang` VALUES ('4524', 'ru', '');
INSERT INTO `vd_city_lang` VALUES ('4525', 'ru', '');
INSERT INTO `vd_city_lang` VALUES ('4526', 'ru', '');
INSERT INTO `vd_city_lang` VALUES ('4527', 'ru', '');
INSERT INTO `vd_city_lang` VALUES ('4528', 'ru', '');
INSERT INTO `vd_city_lang` VALUES ('4529', 'ru', '');
INSERT INTO `vd_city_lang` VALUES ('4530', 'ru', '');
INSERT INTO `vd_city_lang` VALUES ('4531', 'ru', '');
INSERT INTO `vd_city_lang` VALUES ('4532', 'ru', '');
INSERT INTO `vd_city_lang` VALUES ('4533', 'ru', '');
INSERT INTO `vd_city_lang` VALUES ('4534', 'ru', '');
INSERT INTO `vd_city_lang` VALUES ('4535', 'ru', '');
INSERT INTO `vd_city_lang` VALUES ('4536', 'ru', '');
INSERT INTO `vd_city_lang` VALUES ('4537', 'ru', '');
INSERT INTO `vd_city_lang` VALUES ('4538', 'ru', '');
INSERT INTO `vd_city_lang` VALUES ('4539', 'ru', '');
INSERT INTO `vd_city_lang` VALUES ('4540', 'ru', '');
INSERT INTO `vd_city_lang` VALUES ('4541', 'ru', '');
INSERT INTO `vd_city_lang` VALUES ('4542', 'ru', '');
INSERT INTO `vd_city_lang` VALUES ('4543', 'ru', '');
INSERT INTO `vd_city_lang` VALUES ('4544', 'ru', '');
INSERT INTO `vd_city_lang` VALUES ('4545', 'ru', '');
INSERT INTO `vd_city_lang` VALUES ('3844', 'ua', '');
INSERT INTO `vd_city_lang` VALUES ('3832', 'ua', '');
INSERT INTO `vd_city_lang` VALUES ('3833', 'ua', '');
INSERT INTO `vd_city_lang` VALUES ('3834', 'ua', '');
INSERT INTO `vd_city_lang` VALUES ('3835', 'ua', '');
INSERT INTO `vd_city_lang` VALUES ('3838', 'ua', '');
INSERT INTO `vd_city_lang` VALUES ('3836', 'ua', '');
INSERT INTO `vd_city_lang` VALUES ('3837', 'ua', '');
INSERT INTO `vd_city_lang` VALUES ('3839', 'ua', '');
INSERT INTO `vd_city_lang` VALUES ('3840', 'ua', '');
INSERT INTO `vd_city_lang` VALUES ('3841', 'ua', '');
INSERT INTO `vd_city_lang` VALUES ('3842', 'ua', '');
INSERT INTO `vd_city_lang` VALUES ('3843', 'ua', '');
INSERT INTO `vd_city_lang` VALUES ('3846', 'ua', '');
INSERT INTO `vd_city_lang` VALUES ('3845', 'ua', '');
INSERT INTO `vd_city_lang` VALUES ('3847', 'ua', '');
INSERT INTO `vd_city_lang` VALUES ('3849', 'ua', '');
INSERT INTO `vd_city_lang` VALUES ('3848', 'ua', '');
INSERT INTO `vd_city_lang` VALUES ('3850', 'ua', '-');
INSERT INTO `vd_city_lang` VALUES ('3851', 'ua', ' ');
INSERT INTO `vd_city_lang` VALUES ('3852', 'ua', '');
INSERT INTO `vd_city_lang` VALUES ('3853', 'ua', '');
INSERT INTO `vd_city_lang` VALUES ('3854', 'ua', '');
INSERT INTO `vd_city_lang` VALUES ('3855', 'ua', '');
INSERT INTO `vd_city_lang` VALUES ('3856', 'ua', '');
INSERT INTO `vd_city_lang` VALUES ('3860', 'ua', '');
INSERT INTO `vd_city_lang` VALUES ('3857', 'ua', '');
INSERT INTO `vd_city_lang` VALUES ('3858', 'ua', '');
INSERT INTO `vd_city_lang` VALUES ('3859', 'ua', '');
INSERT INTO `vd_city_lang` VALUES ('3861', 'ua', '');
INSERT INTO `vd_city_lang` VALUES ('3862', 'ua', '');
INSERT INTO `vd_city_lang` VALUES ('3863', 'ua', '');
INSERT INTO `vd_city_lang` VALUES ('3864', 'ua', '');
INSERT INTO `vd_city_lang` VALUES ('3871', 'ua', '');
INSERT INTO `vd_city_lang` VALUES ('3865', 'ua', '');
INSERT INTO `vd_city_lang` VALUES ('3866', 'ua', '-');
INSERT INTO `vd_city_lang` VALUES ('3867', 'ua', '');
INSERT INTO `vd_city_lang` VALUES ('3868', 'ua', '');
INSERT INTO `vd_city_lang` VALUES ('3869', 'ua', '');
INSERT INTO `vd_city_lang` VALUES ('3873', 'ua', '');
INSERT INTO `vd_city_lang` VALUES ('3872', 'ua', '-');
INSERT INTO `vd_city_lang` VALUES ('3874', 'ua', '');
INSERT INTO `vd_city_lang` VALUES ('3875', 'ua', '');
INSERT INTO `vd_city_lang` VALUES ('3876', 'ua', '');
INSERT INTO `vd_city_lang` VALUES ('3877', 'ua', '');
INSERT INTO `vd_city_lang` VALUES ('3878', 'ua', '');
INSERT INTO `vd_city_lang` VALUES ('3879', 'ua', '');
INSERT INTO `vd_city_lang` VALUES ('3880', 'ua', '');
INSERT INTO `vd_city_lang` VALUES ('3881', 'ua', '');
INSERT INTO `vd_city_lang` VALUES ('3882', 'ua', '');
INSERT INTO `vd_city_lang` VALUES ('3883', 'ua', ' ');
INSERT INTO `vd_city_lang` VALUES ('3884', 'ua', '');
INSERT INTO `vd_city_lang` VALUES ('3901', 'ua', '');
INSERT INTO `vd_city_lang` VALUES ('3902', 'ua', '');
INSERT INTO `vd_city_lang` VALUES ('3885', 'ua', '');
INSERT INTO `vd_city_lang` VALUES ('3886', 'ua', '');
INSERT INTO `vd_city_lang` VALUES ('3887', 'ua', '');
INSERT INTO `vd_city_lang` VALUES ('3891', 'ua', '');
INSERT INTO `vd_city_lang` VALUES ('3888', 'ua', '');
INSERT INTO `vd_city_lang` VALUES ('3890', 'ua', '');
INSERT INTO `vd_city_lang` VALUES ('3889', 'ua', '');
INSERT INTO `vd_city_lang` VALUES ('3892', 'ua', '');
INSERT INTO `vd_city_lang` VALUES ('3894', 'ua', '');
INSERT INTO `vd_city_lang` VALUES ('3895', 'ua', '');
INSERT INTO `vd_city_lang` VALUES ('3896', 'ua', '');
INSERT INTO `vd_city_lang` VALUES ('3897', 'ua', '');
INSERT INTO `vd_city_lang` VALUES ('3898', 'ua', ' ');
INSERT INTO `vd_city_lang` VALUES ('3900', 'ua', '');
INSERT INTO `vd_city_lang` VALUES ('5116', 'ua', '');
INSERT INTO `vd_city_lang` VALUES ('3903', 'ua', '');
INSERT INTO `vd_city_lang` VALUES ('3904', 'ua', '');
INSERT INTO `vd_city_lang` VALUES ('3905', 'ua', ' ');
INSERT INTO `vd_city_lang` VALUES ('3906', 'ua', '');
INSERT INTO `vd_city_lang` VALUES ('3907', 'ua', '');
INSERT INTO `vd_city_lang` VALUES ('3908', 'ua', '');
INSERT INTO `vd_city_lang` VALUES ('3909', 'ua', '');
INSERT INTO `vd_city_lang` VALUES ('3910', 'ua', '');
INSERT INTO `vd_city_lang` VALUES ('3911', 'ua', '');
INSERT INTO `vd_city_lang` VALUES ('3912', 'ua', '');
INSERT INTO `vd_city_lang` VALUES ('3913', 'ua', '');
INSERT INTO `vd_city_lang` VALUES ('5017', 'ua', '');
INSERT INTO `vd_city_lang` VALUES ('3914', 'ua', '');
INSERT INTO `vd_city_lang` VALUES ('3915', 'ua', '');
INSERT INTO `vd_city_lang` VALUES ('3917', 'ua', '');
INSERT INTO `vd_city_lang` VALUES ('3918', 'ua', '');
INSERT INTO `vd_city_lang` VALUES ('3919', 'ua', '');
INSERT INTO `vd_city_lang` VALUES ('3920', 'ua', '');
INSERT INTO `vd_city_lang` VALUES ('3921', 'ua', '');
INSERT INTO `vd_city_lang` VALUES ('3953', 'ua', '');
INSERT INTO `vd_city_lang` VALUES ('3958', 'ua', '');
INSERT INTO `vd_city_lang` VALUES ('3922', 'ua', '');
INSERT INTO `vd_city_lang` VALUES ('3925', 'ua', '');
INSERT INTO `vd_city_lang` VALUES ('3926', 'ua', '');
INSERT INTO `vd_city_lang` VALUES ('3928', 'ua', '');
INSERT INTO `vd_city_lang` VALUES ('4174', 'ua', '');
INSERT INTO `vd_city_lang` VALUES ('3930', 'ua', '');
INSERT INTO `vd_city_lang` VALUES ('3929', 'ua', '');
INSERT INTO `vd_city_lang` VALUES ('3933', 'ua', '');
INSERT INTO `vd_city_lang` VALUES ('3932', 'ua', '');
INSERT INTO `vd_city_lang` VALUES ('3934', 'ua', ' ');
INSERT INTO `vd_city_lang` VALUES ('3935', 'ua', '');
INSERT INTO `vd_city_lang` VALUES ('3936', 'ua', '');
INSERT INTO `vd_city_lang` VALUES ('3937', 'ua', '');
INSERT INTO `vd_city_lang` VALUES ('5117', 'ua', '');
INSERT INTO `vd_city_lang` VALUES ('3939', 'ua', '-');
INSERT INTO `vd_city_lang` VALUES ('3940', 'ua', '');
INSERT INTO `vd_city_lang` VALUES ('3941', 'ua', '');
INSERT INTO `vd_city_lang` VALUES ('3942', 'ua', '-');
INSERT INTO `vd_city_lang` VALUES ('3943', 'ua', '');
INSERT INTO `vd_city_lang` VALUES ('3944', 'ua', '');
INSERT INTO `vd_city_lang` VALUES ('3945', 'ua', '');
INSERT INTO `vd_city_lang` VALUES ('3946', 'ua', '');
INSERT INTO `vd_city_lang` VALUES ('3947', 'ua', '');
INSERT INTO `vd_city_lang` VALUES ('3948', 'ua', '');
INSERT INTO `vd_city_lang` VALUES ('3949', 'ua', '');
INSERT INTO `vd_city_lang` VALUES ('3950', 'ua', '');
INSERT INTO `vd_city_lang` VALUES ('3951', 'ua', '');
INSERT INTO `vd_city_lang` VALUES ('3952', 'ua', '');
INSERT INTO `vd_city_lang` VALUES ('3955', 'ua', '');
INSERT INTO `vd_city_lang` VALUES ('3957', 'ua', '');
INSERT INTO `vd_city_lang` VALUES ('3956', 'ua', '');
INSERT INTO `vd_city_lang` VALUES ('3960', 'ua', '-');
INSERT INTO `vd_city_lang` VALUES ('3961', 'ua', '');
INSERT INTO `vd_city_lang` VALUES ('5087', 'ua', '');
INSERT INTO `vd_city_lang` VALUES ('3962', 'ua', '');
INSERT INTO `vd_city_lang` VALUES ('3964', 'ua', ' ');
INSERT INTO `vd_city_lang` VALUES ('3963', 'ua', '');
INSERT INTO `vd_city_lang` VALUES ('1765574', 'ua', '');
INSERT INTO `vd_city_lang` VALUES ('3965', 'ua', '');
INSERT INTO `vd_city_lang` VALUES ('3966', 'ua', '');
INSERT INTO `vd_city_lang` VALUES ('3968', 'ua', '');
INSERT INTO `vd_city_lang` VALUES ('3969', 'ua', '');
INSERT INTO `vd_city_lang` VALUES ('3924', 'ua', '-');
INSERT INTO `vd_city_lang` VALUES ('3923', 'ua', '');
INSERT INTO `vd_city_lang` VALUES ('3971', 'ua', '');
INSERT INTO `vd_city_lang` VALUES ('3973', 'ua', '');
INSERT INTO `vd_city_lang` VALUES ('3959', 'ua', '');
INSERT INTO `vd_city_lang` VALUES ('3974', 'ua', '');
INSERT INTO `vd_city_lang` VALUES ('3975', 'ua', '');
INSERT INTO `vd_city_lang` VALUES ('3976', 'ua', '');
INSERT INTO `vd_city_lang` VALUES ('3977', 'ua', '');
INSERT INTO `vd_city_lang` VALUES ('3978', 'ua', '');
INSERT INTO `vd_city_lang` VALUES ('3979', 'ua', '');
INSERT INTO `vd_city_lang` VALUES ('3993', 'ua', '');
INSERT INTO `vd_city_lang` VALUES ('3995', 'ua', '');
INSERT INTO `vd_city_lang` VALUES ('3980', 'ua', '');
INSERT INTO `vd_city_lang` VALUES ('3982', 'ua', ' ');
INSERT INTO `vd_city_lang` VALUES ('3981', 'ua', '');
INSERT INTO `vd_city_lang` VALUES ('3983', 'ua', '');
INSERT INTO `vd_city_lang` VALUES ('3986', 'ua', '');
INSERT INTO `vd_city_lang` VALUES ('3984', 'ua', ' ');
INSERT INTO `vd_city_lang` VALUES ('3985', 'ua', '');
INSERT INTO `vd_city_lang` VALUES ('3987', 'ua', ' ');
INSERT INTO `vd_city_lang` VALUES ('3988', 'ua', '-');
INSERT INTO `vd_city_lang` VALUES ('3989', 'ua', '');
INSERT INTO `vd_city_lang` VALUES ('3990', 'ua', '');
INSERT INTO `vd_city_lang` VALUES ('3991', 'ua', '');
INSERT INTO `vd_city_lang` VALUES ('3992', 'ua', '');
INSERT INTO `vd_city_lang` VALUES ('3994', 'ua', '');
INSERT INTO `vd_city_lang` VALUES ('3997', 'ua', '');
INSERT INTO `vd_city_lang` VALUES ('3998', 'ua', '');
INSERT INTO `vd_city_lang` VALUES ('3999', 'ua', '');
INSERT INTO `vd_city_lang` VALUES ('4000', 'ua', '');
INSERT INTO `vd_city_lang` VALUES ('4001', 'ua', '');
INSERT INTO `vd_city_lang` VALUES ('4002', 'ua', '');
INSERT INTO `vd_city_lang` VALUES ('4003', 'ua', '-');
INSERT INTO `vd_city_lang` VALUES ('4004', 'ua', '');
INSERT INTO `vd_city_lang` VALUES ('4005', 'ua', '');
INSERT INTO `vd_city_lang` VALUES ('4006', 'ua', '');
INSERT INTO `vd_city_lang` VALUES ('4007', 'ua', '');
INSERT INTO `vd_city_lang` VALUES ('4008', 'ua', '');
INSERT INTO `vd_city_lang` VALUES ('4009', 'ua', '');
INSERT INTO `vd_city_lang` VALUES ('4360', 'ua', '');
INSERT INTO `vd_city_lang` VALUES ('4010', 'ua', '');
INSERT INTO `vd_city_lang` VALUES ('4011', 'ua', '');
INSERT INTO `vd_city_lang` VALUES ('4018', 'ua', '');
INSERT INTO `vd_city_lang` VALUES ('4012', 'ua', '');
INSERT INTO `vd_city_lang` VALUES ('4013', 'ua', '');
INSERT INTO `vd_city_lang` VALUES ('4014', 'ua', ' ');
INSERT INTO `vd_city_lang` VALUES ('4015', 'ua', ' ');
INSERT INTO `vd_city_lang` VALUES ('4016', 'ua', '');
INSERT INTO `vd_city_lang` VALUES ('4017', 'ua', '');
INSERT INTO `vd_city_lang` VALUES ('4020', 'ua', '');
INSERT INTO `vd_city_lang` VALUES ('4021', 'ua', '');
INSERT INTO `vd_city_lang` VALUES ('4022', 'ua', '');
INSERT INTO `vd_city_lang` VALUES ('4023', 'ua', '');
INSERT INTO `vd_city_lang` VALUES ('4024', 'ua', '');
INSERT INTO `vd_city_lang` VALUES ('4025', 'ua', '');
INSERT INTO `vd_city_lang` VALUES ('4026', 'ua', '');
INSERT INTO `vd_city_lang` VALUES ('4027', 'ua', '');
INSERT INTO `vd_city_lang` VALUES ('4029', 'ua', '');
INSERT INTO `vd_city_lang` VALUES ('4030', 'ua', '');
INSERT INTO `vd_city_lang` VALUES ('4031', 'ua', '');
INSERT INTO `vd_city_lang` VALUES ('4032', 'ua', '');
INSERT INTO `vd_city_lang` VALUES ('4033', 'ua', '');
INSERT INTO `vd_city_lang` VALUES ('4034', 'ua', '');
INSERT INTO `vd_city_lang` VALUES ('4984', 'ua', '');
INSERT INTO `vd_city_lang` VALUES ('4035', 'ua', '');
INSERT INTO `vd_city_lang` VALUES ('4038', 'ua', '-');
INSERT INTO `vd_city_lang` VALUES ('4039', 'ua', '');
INSERT INTO `vd_city_lang` VALUES ('4040', 'ua', '');
INSERT INTO `vd_city_lang` VALUES ('4041', 'ua', '');
INSERT INTO `vd_city_lang` VALUES ('4042', 'ua', '');
INSERT INTO `vd_city_lang` VALUES ('4043', 'ua', '');
INSERT INTO `vd_city_lang` VALUES ('4044', 'ua', '');
INSERT INTO `vd_city_lang` VALUES ('4045', 'ua', '');
INSERT INTO `vd_city_lang` VALUES ('4046', 'ua', '');
INSERT INTO `vd_city_lang` VALUES ('4047', 'ua', '');
INSERT INTO `vd_city_lang` VALUES ('4048', 'ua', '');
INSERT INTO `vd_city_lang` VALUES ('4028', 'ua', '');
INSERT INTO `vd_city_lang` VALUES ('4064', 'ua', '');
INSERT INTO `vd_city_lang` VALUES ('4066', 'ua', '-');
INSERT INTO `vd_city_lang` VALUES ('4051', 'ua', '');
INSERT INTO `vd_city_lang` VALUES ('4055', 'ua', '');
INSERT INTO `vd_city_lang` VALUES ('4049', 'ua', '');
INSERT INTO `vd_city_lang` VALUES ('4050', 'ua', '');
INSERT INTO `vd_city_lang` VALUES ('4052', 'ua', '-');
INSERT INTO `vd_city_lang` VALUES ('4053', 'ua', '');
INSERT INTO `vd_city_lang` VALUES ('4054', 'ua', '');
INSERT INTO `vd_city_lang` VALUES ('4056', 'ua', '');
INSERT INTO `vd_city_lang` VALUES ('4059', 'ua', '');
INSERT INTO `vd_city_lang` VALUES ('4057', 'ua', '');
INSERT INTO `vd_city_lang` VALUES ('4058', 'ua', '');
INSERT INTO `vd_city_lang` VALUES ('4060', 'ua', '');
INSERT INTO `vd_city_lang` VALUES ('4062', 'ua', '');
INSERT INTO `vd_city_lang` VALUES ('4063', 'ua', '');
INSERT INTO `vd_city_lang` VALUES ('1766192', 'ua', '');
INSERT INTO `vd_city_lang` VALUES ('4065', 'ua', '');
INSERT INTO `vd_city_lang` VALUES ('4068', 'ua', '');
INSERT INTO `vd_city_lang` VALUES ('4069', 'ua', '');
INSERT INTO `vd_city_lang` VALUES ('4070', 'ua', '');
INSERT INTO `vd_city_lang` VALUES ('4071', 'ua', '');
INSERT INTO `vd_city_lang` VALUES ('4072', 'ua', '');
INSERT INTO `vd_city_lang` VALUES ('4073', 'ua', '');
INSERT INTO `vd_city_lang` VALUES ('4074', 'ua', '');
INSERT INTO `vd_city_lang` VALUES ('4075', 'ua', '');
INSERT INTO `vd_city_lang` VALUES ('4076', 'ua', '');
INSERT INTO `vd_city_lang` VALUES ('4078', 'ua', '');
INSERT INTO `vd_city_lang` VALUES ('4077', 'ua', '');
INSERT INTO `vd_city_lang` VALUES ('4079', 'ua', '');
INSERT INTO `vd_city_lang` VALUES ('4094', 'ua', '');
INSERT INTO `vd_city_lang` VALUES ('4095', 'ua', '');
INSERT INTO `vd_city_lang` VALUES ('4081', 'ua', ' ');
INSERT INTO `vd_city_lang` VALUES ('4080', 'ua', '');
INSERT INTO `vd_city_lang` VALUES ('4082', 'ua', '');
INSERT INTO `vd_city_lang` VALUES ('4083', 'ua', '');
INSERT INTO `vd_city_lang` VALUES ('4084', 'ua', '');
INSERT INTO `vd_city_lang` VALUES ('4085', 'ua', '');
INSERT INTO `vd_city_lang` VALUES ('4086', 'ua', '');
INSERT INTO `vd_city_lang` VALUES ('5081', 'ua', '');
INSERT INTO `vd_city_lang` VALUES ('4087', 'ua', '');
INSERT INTO `vd_city_lang` VALUES ('4088', 'ua', '');
INSERT INTO `vd_city_lang` VALUES ('5076', 'ua', '');
INSERT INTO `vd_city_lang` VALUES ('1766731', 'ua', '');
INSERT INTO `vd_city_lang` VALUES ('1766729', 'ua', '');
INSERT INTO `vd_city_lang` VALUES ('1766501', 'ua', '');
INSERT INTO `vd_city_lang` VALUES ('4089', 'ua', '');
INSERT INTO `vd_city_lang` VALUES ('4090', 'ua', '');
INSERT INTO `vd_city_lang` VALUES ('4091', 'ua', '');
INSERT INTO `vd_city_lang` VALUES ('4092', 'ua', '');
INSERT INTO `vd_city_lang` VALUES ('4093', 'ua', '');
INSERT INTO `vd_city_lang` VALUES ('4096', 'ua', '');
INSERT INTO `vd_city_lang` VALUES ('4097', 'ua', '');
INSERT INTO `vd_city_lang` VALUES ('4098', 'ua', '');
INSERT INTO `vd_city_lang` VALUES ('4100', 'ua', '');
INSERT INTO `vd_city_lang` VALUES ('4101', 'ua', '');
INSERT INTO `vd_city_lang` VALUES ('4102', 'ua', '');
INSERT INTO `vd_city_lang` VALUES ('4103', 'ua', '');
INSERT INTO `vd_city_lang` VALUES ('4104', 'ua', '');
INSERT INTO `vd_city_lang` VALUES ('4105', 'ua', '-');
INSERT INTO `vd_city_lang` VALUES ('4106', 'ua', '');
INSERT INTO `vd_city_lang` VALUES ('4107', 'ua', '');
INSERT INTO `vd_city_lang` VALUES ('4108', 'ua', '');
INSERT INTO `vd_city_lang` VALUES ('5024', 'ua', '');
INSERT INTO `vd_city_lang` VALUES ('4109', 'ua', '');
INSERT INTO `vd_city_lang` VALUES ('4110', 'ua', '');
INSERT INTO `vd_city_lang` VALUES ('4111', 'ua', '');
INSERT INTO `vd_city_lang` VALUES ('4112', 'ua', '');
INSERT INTO `vd_city_lang` VALUES ('4113', 'ua', '');
INSERT INTO `vd_city_lang` VALUES ('4114', 'ua', '');
INSERT INTO `vd_city_lang` VALUES ('4151', 'ua', '');
INSERT INTO `vd_city_lang` VALUES ('4141', 'ua', '');
INSERT INTO `vd_city_lang` VALUES ('4142', 'ua', '');
INSERT INTO `vd_city_lang` VALUES ('5088', 'ua', '');
INSERT INTO `vd_city_lang` VALUES ('4912', 'ua', '');
INSERT INTO `vd_city_lang` VALUES ('4146', 'ua', '');
INSERT INTO `vd_city_lang` VALUES ('4143', 'ua', '');
INSERT INTO `vd_city_lang` VALUES ('4145', 'ua', '');
INSERT INTO `vd_city_lang` VALUES ('4914', 'ua', '');
INSERT INTO `vd_city_lang` VALUES ('4915', 'ua', '');
INSERT INTO `vd_city_lang` VALUES ('4147', 'ua', '');
INSERT INTO `vd_city_lang` VALUES ('4148', 'ua', '');
INSERT INTO `vd_city_lang` VALUES ('4149', 'ua', '');
INSERT INTO `vd_city_lang` VALUES ('4150', 'ua', '');
INSERT INTO `vd_city_lang` VALUES ('4152', 'ua', '');
INSERT INTO `vd_city_lang` VALUES ('4917', 'ua', '');
INSERT INTO `vd_city_lang` VALUES ('4153', 'ua', '');
INSERT INTO `vd_city_lang` VALUES ('4918', 'ua', '');
INSERT INTO `vd_city_lang` VALUES ('4919', 'ua', '');
INSERT INTO `vd_city_lang` VALUES ('4155', 'ua', '');
INSERT INTO `vd_city_lang` VALUES ('4156', 'ua', '');
INSERT INTO `vd_city_lang` VALUES ('4921', 'ua', '');
INSERT INTO `vd_city_lang` VALUES ('4922', 'ua', '');
INSERT INTO `vd_city_lang` VALUES ('4157', 'ua', '');
INSERT INTO `vd_city_lang` VALUES ('4923', 'ua', '');
INSERT INTO `vd_city_lang` VALUES ('4158', 'ua', '');
INSERT INTO `vd_city_lang` VALUES ('4159', 'ua', '');
INSERT INTO `vd_city_lang` VALUES ('4924', 'ua', '');
INSERT INTO `vd_city_lang` VALUES ('4925', 'ua', '');
INSERT INTO `vd_city_lang` VALUES ('4926', 'ua', '');
INSERT INTO `vd_city_lang` VALUES ('4160', 'ua', '');
INSERT INTO `vd_city_lang` VALUES ('4927', 'ua', '');
INSERT INTO `vd_city_lang` VALUES ('4929', 'ua', '');
INSERT INTO `vd_city_lang` VALUES ('4162', 'ua', '');
INSERT INTO `vd_city_lang` VALUES ('4928', 'ua', '');
INSERT INTO `vd_city_lang` VALUES ('4163', 'ua', '');
INSERT INTO `vd_city_lang` VALUES ('4164', 'ua', '');
INSERT INTO `vd_city_lang` VALUES ('4165', 'ua', '');
INSERT INTO `vd_city_lang` VALUES ('4166', 'ua', '');
INSERT INTO `vd_city_lang` VALUES ('4167', 'ua', '');
INSERT INTO `vd_city_lang` VALUES ('4168', 'ua', '');
INSERT INTO `vd_city_lang` VALUES ('4169', 'ua', '');
INSERT INTO `vd_city_lang` VALUES ('5052', 'ua', '');
INSERT INTO `vd_city_lang` VALUES ('4170', 'ua', '');
INSERT INTO `vd_city_lang` VALUES ('4196', 'ua', '');
INSERT INTO `vd_city_lang` VALUES ('4200', 'ua', '');
INSERT INTO `vd_city_lang` VALUES ('4172', 'ua', '');
INSERT INTO `vd_city_lang` VALUES ('4173', 'ua', '');
INSERT INTO `vd_city_lang` VALUES ('3927', 'ua', '');
INSERT INTO `vd_city_lang` VALUES ('4178', 'ua', '');
INSERT INTO `vd_city_lang` VALUES ('4176', 'ua', '');
INSERT INTO `vd_city_lang` VALUES ('4177', 'ua', '');
INSERT INTO `vd_city_lang` VALUES ('4179', 'ua', '');
INSERT INTO `vd_city_lang` VALUES ('4180', 'ua', '');
INSERT INTO `vd_city_lang` VALUES ('4181', 'ua', '');
INSERT INTO `vd_city_lang` VALUES ('4175', 'ua', '');
INSERT INTO `vd_city_lang` VALUES ('4182', 'ua', '-');
INSERT INTO `vd_city_lang` VALUES ('4183', 'ua', '');
INSERT INTO `vd_city_lang` VALUES ('4184', 'ua', '');
INSERT INTO `vd_city_lang` VALUES ('4185', 'ua', '');
INSERT INTO `vd_city_lang` VALUES ('4186', 'ua', '');
INSERT INTO `vd_city_lang` VALUES ('4187', 'ua', ' ');
INSERT INTO `vd_city_lang` VALUES ('4188', 'ua', '');
INSERT INTO `vd_city_lang` VALUES ('4190', 'ua', '');
INSERT INTO `vd_city_lang` VALUES ('4189', 'ua', '');
INSERT INTO `vd_city_lang` VALUES ('4192', 'ua', '');
INSERT INTO `vd_city_lang` VALUES ('4193', 'ua', '');
INSERT INTO `vd_city_lang` VALUES ('4195', 'ua', '');
INSERT INTO `vd_city_lang` VALUES ('4194', 'ua', '');
INSERT INTO `vd_city_lang` VALUES ('4198', 'ua', '');
INSERT INTO `vd_city_lang` VALUES ('4199', 'ua', '');
INSERT INTO `vd_city_lang` VALUES ('4204', 'ua', '');
INSERT INTO `vd_city_lang` VALUES ('4201', 'ua', '');
INSERT INTO `vd_city_lang` VALUES ('4202', 'ua', '');
INSERT INTO `vd_city_lang` VALUES ('4207', 'ua', ' ');
INSERT INTO `vd_city_lang` VALUES ('1748298', 'ua', '');
INSERT INTO `vd_city_lang` VALUES ('4206', 'ua', '');
INSERT INTO `vd_city_lang` VALUES ('4208', 'ua', '');
INSERT INTO `vd_city_lang` VALUES ('4209', 'ua', '');
INSERT INTO `vd_city_lang` VALUES ('4210', 'ua', '');
INSERT INTO `vd_city_lang` VALUES ('4211', 'ua', '');
INSERT INTO `vd_city_lang` VALUES ('4213', 'ua', '');
INSERT INTO `vd_city_lang` VALUES ('4212', 'ua', '');
INSERT INTO `vd_city_lang` VALUES ('4214', 'ua', '');
INSERT INTO `vd_city_lang` VALUES ('4215', 'ua', '');
INSERT INTO `vd_city_lang` VALUES ('4171', 'ua', '');
INSERT INTO `vd_city_lang` VALUES ('4216', 'ua', '');
INSERT INTO `vd_city_lang` VALUES ('4217', 'ua', '');
INSERT INTO `vd_city_lang` VALUES ('4218', 'ua', '');
INSERT INTO `vd_city_lang` VALUES ('4219', 'ua', '');
INSERT INTO `vd_city_lang` VALUES ('4220', 'ua', '');
INSERT INTO `vd_city_lang` VALUES ('4223', 'ua', '');
INSERT INTO `vd_city_lang` VALUES ('4221', 'ua', '');
INSERT INTO `vd_city_lang` VALUES ('4222', 'ua', '');
INSERT INTO `vd_city_lang` VALUES ('4225', 'ua', '-');
INSERT INTO `vd_city_lang` VALUES ('4226', 'ua', '');
INSERT INTO `vd_city_lang` VALUES ('4227', 'ua', '');
INSERT INTO `vd_city_lang` VALUES ('4228', 'ua', '');
INSERT INTO `vd_city_lang` VALUES ('4245', 'ua', '-');
INSERT INTO `vd_city_lang` VALUES ('4230', 'ua', '');
INSERT INTO `vd_city_lang` VALUES ('4229', 'ua', '');
INSERT INTO `vd_city_lang` VALUES ('4231', 'ua', '');
INSERT INTO `vd_city_lang` VALUES ('4232', 'ua', '');
INSERT INTO `vd_city_lang` VALUES ('4233', 'ua', '');
INSERT INTO `vd_city_lang` VALUES ('4234', 'ua', ' ');
INSERT INTO `vd_city_lang` VALUES ('4235', 'ua', ' ');
INSERT INTO `vd_city_lang` VALUES ('4236', 'ua', '');
INSERT INTO `vd_city_lang` VALUES ('4061', 'ua', '');
INSERT INTO `vd_city_lang` VALUES ('4237', 'ua', '');
INSERT INTO `vd_city_lang` VALUES ('4239', 'ua', '');
INSERT INTO `vd_city_lang` VALUES ('4240', 'ua', '');
INSERT INTO `vd_city_lang` VALUES ('4241', 'ua', '');
INSERT INTO `vd_city_lang` VALUES ('4242', 'ua', '');
INSERT INTO `vd_city_lang` VALUES ('4244', 'ua', '');
INSERT INTO `vd_city_lang` VALUES ('1035074', 'ua', '');
INSERT INTO `vd_city_lang` VALUES ('4247', 'ua', '');
INSERT INTO `vd_city_lang` VALUES ('4250', 'ua', '');
INSERT INTO `vd_city_lang` VALUES ('4248', 'ua', '');
INSERT INTO `vd_city_lang` VALUES ('4249', 'ua', '');
INSERT INTO `vd_city_lang` VALUES ('1766197', 'ua', '');
INSERT INTO `vd_city_lang` VALUES ('4251', 'ua', '');
INSERT INTO `vd_city_lang` VALUES ('4252', 'ua', '');
INSERT INTO `vd_city_lang` VALUES ('4253', 'ua', '-');
INSERT INTO `vd_city_lang` VALUES ('4254', 'ua', '');
INSERT INTO `vd_city_lang` VALUES ('4255', 'ua', '');
INSERT INTO `vd_city_lang` VALUES ('4256', 'ua', '');
INSERT INTO `vd_city_lang` VALUES ('4257', 'ua', '');
INSERT INTO `vd_city_lang` VALUES ('4258', 'ua', ' ');
INSERT INTO `vd_city_lang` VALUES ('4259', 'ua', '');
INSERT INTO `vd_city_lang` VALUES ('4260', 'ua', '');
INSERT INTO `vd_city_lang` VALUES ('4261', 'ua', '');
INSERT INTO `vd_city_lang` VALUES ('4262', 'ua', '');
INSERT INTO `vd_city_lang` VALUES ('4263', 'ua', '');
INSERT INTO `vd_city_lang` VALUES ('4273', 'ua', '');
INSERT INTO `vd_city_lang` VALUES ('4265', 'ua', '');
INSERT INTO `vd_city_lang` VALUES ('4266', 'ua', '');
INSERT INTO `vd_city_lang` VALUES ('4267', 'ua', '');
INSERT INTO `vd_city_lang` VALUES ('4268', 'ua', '');
INSERT INTO `vd_city_lang` VALUES ('4270', 'ua', '');
INSERT INTO `vd_city_lang` VALUES ('4271', 'ua', '');
INSERT INTO `vd_city_lang` VALUES ('4272', 'ua', '');
INSERT INTO `vd_city_lang` VALUES ('4274', 'ua', '');
INSERT INTO `vd_city_lang` VALUES ('4275', 'ua', ' ');
INSERT INTO `vd_city_lang` VALUES ('4276', 'ua', '');
INSERT INTO `vd_city_lang` VALUES ('4277', 'ua', ' ');
INSERT INTO `vd_city_lang` VALUES ('4278', 'ua', ' ');
INSERT INTO `vd_city_lang` VALUES ('4264', 'ua', '');
INSERT INTO `vd_city_lang` VALUES ('4279', 'ua', '');
INSERT INTO `vd_city_lang` VALUES ('4280', 'ua', '');
INSERT INTO `vd_city_lang` VALUES ('4281', 'ua', '');
INSERT INTO `vd_city_lang` VALUES ('5009', 'ua', '');
INSERT INTO `vd_city_lang` VALUES ('4296', 'ua', '');
INSERT INTO `vd_city_lang` VALUES ('4297', 'ua', '');
INSERT INTO `vd_city_lang` VALUES ('4282', 'ua', '');
INSERT INTO `vd_city_lang` VALUES ('4283', 'ua', '');
INSERT INTO `vd_city_lang` VALUES ('4284', 'ua', '');
INSERT INTO `vd_city_lang` VALUES ('4286', 'ua', '-');
INSERT INTO `vd_city_lang` VALUES ('4287', 'ua', '');
INSERT INTO `vd_city_lang` VALUES ('4285', 'ua', '');
INSERT INTO `vd_city_lang` VALUES ('4289', 'ua', '');
INSERT INTO `vd_city_lang` VALUES ('4288', 'ua', '');
INSERT INTO `vd_city_lang` VALUES ('4290', 'ua', '');
INSERT INTO `vd_city_lang` VALUES ('4291', 'ua', '');
INSERT INTO `vd_city_lang` VALUES ('4292', 'ua', ' ');
INSERT INTO `vd_city_lang` VALUES ('4293', 'ua', '');
INSERT INTO `vd_city_lang` VALUES ('4294', 'ua', '');
INSERT INTO `vd_city_lang` VALUES ('4295', 'ua', '');
INSERT INTO `vd_city_lang` VALUES ('4298', 'ua', '');
INSERT INTO `vd_city_lang` VALUES ('4299', 'ua', '');
INSERT INTO `vd_city_lang` VALUES ('4300', 'ua', '');
INSERT INTO `vd_city_lang` VALUES ('4301', 'ua', '');
INSERT INTO `vd_city_lang` VALUES ('4302', 'ua', ' ');
INSERT INTO `vd_city_lang` VALUES ('4303', 'ua', '');
INSERT INTO `vd_city_lang` VALUES ('4304', 'ua', '');
INSERT INTO `vd_city_lang` VALUES ('4305', 'ua', '');
INSERT INTO `vd_city_lang` VALUES ('4306', 'ua', '');
INSERT INTO `vd_city_lang` VALUES ('4308', 'ua', '');
INSERT INTO `vd_city_lang` VALUES ('4307', 'ua', '');
INSERT INTO `vd_city_lang` VALUES ('4309', 'ua', '');
INSERT INTO `vd_city_lang` VALUES ('4310', 'ua', '');
INSERT INTO `vd_city_lang` VALUES ('4311', 'ua', '');
INSERT INTO `vd_city_lang` VALUES ('4312', 'ua', '');
INSERT INTO `vd_city_lang` VALUES ('4313', 'ua', '');
INSERT INTO `vd_city_lang` VALUES ('4314', 'ua', '');
INSERT INTO `vd_city_lang` VALUES ('5107', 'ua', '');
INSERT INTO `vd_city_lang` VALUES ('4315', 'ua', '');
INSERT INTO `vd_city_lang` VALUES ('4316', 'ua', ' ');
INSERT INTO `vd_city_lang` VALUES ('4317', 'ua', '');
INSERT INTO `vd_city_lang` VALUES ('4318', 'ua', '');
INSERT INTO `vd_city_lang` VALUES ('4319', 'ua', '');
INSERT INTO `vd_city_lang` VALUES ('4320', 'ua', '');
INSERT INTO `vd_city_lang` VALUES ('4321', 'ua', '');
INSERT INTO `vd_city_lang` VALUES ('4322', 'ua', '');
INSERT INTO `vd_city_lang` VALUES ('4324', 'ua', '');
INSERT INTO `vd_city_lang` VALUES ('4325', 'ua', '');
INSERT INTO `vd_city_lang` VALUES ('4326', 'ua', '');
INSERT INTO `vd_city_lang` VALUES ('5095', 'ua', '');
INSERT INTO `vd_city_lang` VALUES ('4327', 'ua', '');
INSERT INTO `vd_city_lang` VALUES ('4328', 'ua', '');
INSERT INTO `vd_city_lang` VALUES ('4329', 'ua', '');
INSERT INTO `vd_city_lang` VALUES ('4330', 'ua', '');
INSERT INTO `vd_city_lang` VALUES ('4331', 'ua', '');
INSERT INTO `vd_city_lang` VALUES ('4332', 'ua', '');
INSERT INTO `vd_city_lang` VALUES ('4333', 'ua', ' ');
INSERT INTO `vd_city_lang` VALUES ('4334', 'ua', '');
INSERT INTO `vd_city_lang` VALUES ('4335', 'ua', '');
INSERT INTO `vd_city_lang` VALUES ('4336', 'ua', '');
INSERT INTO `vd_city_lang` VALUES ('4337', 'ua', '');
INSERT INTO `vd_city_lang` VALUES ('4338', 'ua', '');
INSERT INTO `vd_city_lang` VALUES ('4339', 'ua', '');
INSERT INTO `vd_city_lang` VALUES ('4340', 'ua', '');
INSERT INTO `vd_city_lang` VALUES ('4341', 'ua', '');
INSERT INTO `vd_city_lang` VALUES ('4342', 'ua', '');
INSERT INTO `vd_city_lang` VALUES ('4343', 'ua', '');
INSERT INTO `vd_city_lang` VALUES ('4344', 'ua', '');
INSERT INTO `vd_city_lang` VALUES ('4345', 'ua', '');
INSERT INTO `vd_city_lang` VALUES ('4346', 'ua', '');
INSERT INTO `vd_city_lang` VALUES ('4347', 'ua', '');
INSERT INTO `vd_city_lang` VALUES ('4348', 'ua', '');
INSERT INTO `vd_city_lang` VALUES ('4349', 'ua', '');
INSERT INTO `vd_city_lang` VALUES ('4350', 'ua', '');
INSERT INTO `vd_city_lang` VALUES ('4351', 'ua', '');
INSERT INTO `vd_city_lang` VALUES ('4352', 'ua', '');
INSERT INTO `vd_city_lang` VALUES ('4353', 'ua', '');
INSERT INTO `vd_city_lang` VALUES ('4354', 'ua', '');
INSERT INTO `vd_city_lang` VALUES ('4355', 'ua', '');
INSERT INTO `vd_city_lang` VALUES ('4356', 'ua', '');
INSERT INTO `vd_city_lang` VALUES ('4357', 'ua', '');
INSERT INTO `vd_city_lang` VALUES ('4358', 'ua', '');
INSERT INTO `vd_city_lang` VALUES ('4359', 'ua', '');
INSERT INTO `vd_city_lang` VALUES ('4362', 'ua', '');
INSERT INTO `vd_city_lang` VALUES ('4363', 'ua', '');
INSERT INTO `vd_city_lang` VALUES ('4364', 'ua', ' ');
INSERT INTO `vd_city_lang` VALUES ('4365', 'ua', '');
INSERT INTO `vd_city_lang` VALUES ('4366', 'ua', '');
INSERT INTO `vd_city_lang` VALUES ('4367', 'ua', '');
INSERT INTO `vd_city_lang` VALUES ('4368', 'ua', '');
INSERT INTO `vd_city_lang` VALUES ('4369', 'ua', '-');
INSERT INTO `vd_city_lang` VALUES ('4370', 'ua', '');
INSERT INTO `vd_city_lang` VALUES ('4371', 'ua', '');
INSERT INTO `vd_city_lang` VALUES ('4372', 'ua', '');
INSERT INTO `vd_city_lang` VALUES ('4373', 'ua', '');
INSERT INTO `vd_city_lang` VALUES ('4374', 'ua', '');
INSERT INTO `vd_city_lang` VALUES ('4375', 'ua', ' ');
INSERT INTO `vd_city_lang` VALUES ('4376', 'ua', '');
INSERT INTO `vd_city_lang` VALUES ('4361', 'ua', '');
INSERT INTO `vd_city_lang` VALUES ('4377', 'ua', '');
INSERT INTO `vd_city_lang` VALUES ('4378', 'ua', '');
INSERT INTO `vd_city_lang` VALUES ('4379', 'ua', '-');
INSERT INTO `vd_city_lang` VALUES ('4380', 'ua', '');
INSERT INTO `vd_city_lang` VALUES ('4381', 'ua', '');
INSERT INTO `vd_city_lang` VALUES ('4382', 'ua', '');
INSERT INTO `vd_city_lang` VALUES ('4384', 'ua', '');
INSERT INTO `vd_city_lang` VALUES ('4385', 'ua', '');
INSERT INTO `vd_city_lang` VALUES ('4386', 'ua', '');
INSERT INTO `vd_city_lang` VALUES ('4387', 'ua', '');
INSERT INTO `vd_city_lang` VALUES ('4388', 'ua', ' ');
INSERT INTO `vd_city_lang` VALUES ('4389', 'ua', '');
INSERT INTO `vd_city_lang` VALUES ('4390', 'ua', '');
INSERT INTO `vd_city_lang` VALUES ('4391', 'ua', '');
INSERT INTO `vd_city_lang` VALUES ('4393', 'ua', '');
INSERT INTO `vd_city_lang` VALUES ('4392', 'ua', '');
INSERT INTO `vd_city_lang` VALUES ('4394', 'ua', '');
INSERT INTO `vd_city_lang` VALUES ('4395', 'ua', '');
INSERT INTO `vd_city_lang` VALUES ('4397', 'ua', ' ');
INSERT INTO `vd_city_lang` VALUES ('4396', 'ua', '');
INSERT INTO `vd_city_lang` VALUES ('4398', 'ua', '');
INSERT INTO `vd_city_lang` VALUES ('4399', 'ua', '');
INSERT INTO `vd_city_lang` VALUES ('4400', 'ua', '');
INSERT INTO `vd_city_lang` VALUES ('4401', 'ua', '');
INSERT INTO `vd_city_lang` VALUES ('4402', 'ua', '');
INSERT INTO `vd_city_lang` VALUES ('4403', 'ua', '');
INSERT INTO `vd_city_lang` VALUES ('4404', 'ua', '');
INSERT INTO `vd_city_lang` VALUES ('4405', 'ua', '');
INSERT INTO `vd_city_lang` VALUES ('4406', 'ua', '');
INSERT INTO `vd_city_lang` VALUES ('4407', 'ua', '');
INSERT INTO `vd_city_lang` VALUES ('4424', 'ua', '');
INSERT INTO `vd_city_lang` VALUES ('4412', 'ua', '');
INSERT INTO `vd_city_lang` VALUES ('4408', 'ua', '');
INSERT INTO `vd_city_lang` VALUES ('4409', 'ua', '');
INSERT INTO `vd_city_lang` VALUES ('4410', 'ua', '');
INSERT INTO `vd_city_lang` VALUES ('4411', 'ua', '');
INSERT INTO `vd_city_lang` VALUES ('4413', 'ua', '');
INSERT INTO `vd_city_lang` VALUES ('4414', 'ua', '');
INSERT INTO `vd_city_lang` VALUES ('4415', 'ua', '');
INSERT INTO `vd_city_lang` VALUES ('4416', 'ua', ' ');
INSERT INTO `vd_city_lang` VALUES ('4417', 'ua', '');
INSERT INTO `vd_city_lang` VALUES ('4419', 'ua', '');
INSERT INTO `vd_city_lang` VALUES ('4420', 'ua', '');
INSERT INTO `vd_city_lang` VALUES ('4422', 'ua', '');
INSERT INTO `vd_city_lang` VALUES ('4421', 'ua', '');
INSERT INTO `vd_city_lang` VALUES ('4418', 'ua', '');
INSERT INTO `vd_city_lang` VALUES ('4423', 'ua', '');
INSERT INTO `vd_city_lang` VALUES ('4426', 'ua', '');
INSERT INTO `vd_city_lang` VALUES ('4425', 'ua', ' ');
INSERT INTO `vd_city_lang` VALUES ('4427', 'ua', '');
INSERT INTO `vd_city_lang` VALUES ('4428', 'ua', '');
INSERT INTO `vd_city_lang` VALUES ('4430', 'ua', '');
INSERT INTO `vd_city_lang` VALUES ('4431', 'ua', '');
INSERT INTO `vd_city_lang` VALUES ('5073', 'ua', '');
INSERT INTO `vd_city_lang` VALUES ('4432', 'ua', ' ');
INSERT INTO `vd_city_lang` VALUES ('5074', 'ua', '');
INSERT INTO `vd_city_lang` VALUES ('4433', 'ua', '');
INSERT INTO `vd_city_lang` VALUES ('4434', 'ua', '');
INSERT INTO `vd_city_lang` VALUES ('4435', 'ua', '');
INSERT INTO `vd_city_lang` VALUES ('4436', 'ua', '');
INSERT INTO `vd_city_lang` VALUES ('4437', 'ua', '');
INSERT INTO `vd_city_lang` VALUES ('4438', 'ua', '-');
INSERT INTO `vd_city_lang` VALUES ('4439', 'ua', ' ');
INSERT INTO `vd_city_lang` VALUES ('4440', 'ua', '');
INSERT INTO `vd_city_lang` VALUES ('4441', 'ua', '');
INSERT INTO `vd_city_lang` VALUES ('4443', 'ua', ' ');
INSERT INTO `vd_city_lang` VALUES ('4442', 'ua', ' ');
INSERT INTO `vd_city_lang` VALUES ('4444', 'ua', ' ');
INSERT INTO `vd_city_lang` VALUES ('4445', 'ua', '');
INSERT INTO `vd_city_lang` VALUES ('4446', 'ua', '');
INSERT INTO `vd_city_lang` VALUES ('4447', 'ua', ' ');
INSERT INTO `vd_city_lang` VALUES ('4448', 'ua', '');
INSERT INTO `vd_city_lang` VALUES ('4449', 'ua', '');
INSERT INTO `vd_city_lang` VALUES ('4451', 'ua', '');
INSERT INTO `vd_city_lang` VALUES ('4450', 'ua', '');
INSERT INTO `vd_city_lang` VALUES ('4452', 'ua', '');
INSERT INTO `vd_city_lang` VALUES ('4453', 'ua', ' ');
INSERT INTO `vd_city_lang` VALUES ('4454', 'ua', ' ');
INSERT INTO `vd_city_lang` VALUES ('4455', 'ua', '');
INSERT INTO `vd_city_lang` VALUES ('4456', 'ua', '');
INSERT INTO `vd_city_lang` VALUES ('4457', 'ua', '');
INSERT INTO `vd_city_lang` VALUES ('4458', 'ua', '');
INSERT INTO `vd_city_lang` VALUES ('4459', 'ua', '');
INSERT INTO `vd_city_lang` VALUES ('4460', 'ua', '');
INSERT INTO `vd_city_lang` VALUES ('4470', 'ua', '');
INSERT INTO `vd_city_lang` VALUES ('4461', 'ua', '');
INSERT INTO `vd_city_lang` VALUES ('4463', 'ua', '');
INSERT INTO `vd_city_lang` VALUES ('4462', 'ua', '');
INSERT INTO `vd_city_lang` VALUES ('4464', 'ua', '');
INSERT INTO `vd_city_lang` VALUES ('4465', 'ua', '');
INSERT INTO `vd_city_lang` VALUES ('4466', 'ua', '');
INSERT INTO `vd_city_lang` VALUES ('4467', 'ua', '');
INSERT INTO `vd_city_lang` VALUES ('4468', 'ua', '');
INSERT INTO `vd_city_lang` VALUES ('4469', 'ua', '');
INSERT INTO `vd_city_lang` VALUES ('4472', 'ua', '');
INSERT INTO `vd_city_lang` VALUES ('4473', 'ua', '');
INSERT INTO `vd_city_lang` VALUES ('4967', 'ua', '');
INSERT INTO `vd_city_lang` VALUES ('4474', 'ua', ' ');
INSERT INTO `vd_city_lang` VALUES ('4475', 'ua', '');
INSERT INTO `vd_city_lang` VALUES ('4476', 'ua', '');
INSERT INTO `vd_city_lang` VALUES ('4477', 'ua', ' ');
INSERT INTO `vd_city_lang` VALUES ('4478', 'ua', '');
INSERT INTO `vd_city_lang` VALUES ('4479', 'ua', '');
INSERT INTO `vd_city_lang` VALUES ('4480', 'ua', '');
INSERT INTO `vd_city_lang` VALUES ('4481', 'ua', '');
INSERT INTO `vd_city_lang` VALUES ('4482', 'ua', '');
INSERT INTO `vd_city_lang` VALUES ('4483', 'ua', '');
INSERT INTO `vd_city_lang` VALUES ('4487', 'ua', '');
INSERT INTO `vd_city_lang` VALUES ('4492', 'ua', '');
INSERT INTO `vd_city_lang` VALUES ('4484', 'ua', '');
INSERT INTO `vd_city_lang` VALUES ('4485', 'ua', '');
INSERT INTO `vd_city_lang` VALUES ('4486', 'ua', '');
INSERT INTO `vd_city_lang` VALUES ('4488', 'ua', '');
INSERT INTO `vd_city_lang` VALUES ('4490', 'ua', '');
INSERT INTO `vd_city_lang` VALUES ('4491', 'ua', '');
INSERT INTO `vd_city_lang` VALUES ('4494', 'ua', '');
INSERT INTO `vd_city_lang` VALUES ('1765609', 'ua', 'i');
INSERT INTO `vd_city_lang` VALUES ('4495', 'ua', '-');
INSERT INTO `vd_city_lang` VALUES ('4496', 'ua', '');
INSERT INTO `vd_city_lang` VALUES ('4498', 'ua', '');
INSERT INTO `vd_city_lang` VALUES ('4499', 'ua', '');
INSERT INTO `vd_city_lang` VALUES ('4500', 'ua', '');
INSERT INTO `vd_city_lang` VALUES ('4501', 'ua', '');
INSERT INTO `vd_city_lang` VALUES ('4502', 'ua', '');
INSERT INTO `vd_city_lang` VALUES ('4503', 'ua', '');
INSERT INTO `vd_city_lang` VALUES ('4505', 'ua', '');
INSERT INTO `vd_city_lang` VALUES ('4504', 'ua', '');
INSERT INTO `vd_city_lang` VALUES ('4506', 'ua', '');
INSERT INTO `vd_city_lang` VALUES ('4516', 'ua', '');
INSERT INTO `vd_city_lang` VALUES ('4507', 'ua', '');
INSERT INTO `vd_city_lang` VALUES ('4508', 'ua', '');
INSERT INTO `vd_city_lang` VALUES ('4509', 'ua', '');
INSERT INTO `vd_city_lang` VALUES ('4510', 'ua', '');
INSERT INTO `vd_city_lang` VALUES ('4511', 'ua', '');
INSERT INTO `vd_city_lang` VALUES ('4512', 'ua', '');
INSERT INTO `vd_city_lang` VALUES ('4513', 'ua', '');
INSERT INTO `vd_city_lang` VALUES ('4514', 'ua', '');
INSERT INTO `vd_city_lang` VALUES ('4515', 'ua', '');
INSERT INTO `vd_city_lang` VALUES ('4517', 'ua', '');
INSERT INTO `vd_city_lang` VALUES ('4518', 'ua', '');
INSERT INTO `vd_city_lang` VALUES ('4519', 'ua', '');
INSERT INTO `vd_city_lang` VALUES ('4520', 'ua', '');
INSERT INTO `vd_city_lang` VALUES ('4521', 'ua', '');
INSERT INTO `vd_city_lang` VALUES ('4522', 'ua', '');
INSERT INTO `vd_city_lang` VALUES ('4523', 'ua', '-');
INSERT INTO `vd_city_lang` VALUES ('4524', 'ua', '');
INSERT INTO `vd_city_lang` VALUES ('4525', 'ua', '');
INSERT INTO `vd_city_lang` VALUES ('4526', 'ua', '');
INSERT INTO `vd_city_lang` VALUES ('4527', 'ua', '');
INSERT INTO `vd_city_lang` VALUES ('4528', 'ua', '');
INSERT INTO `vd_city_lang` VALUES ('4529', 'ua', '');
INSERT INTO `vd_city_lang` VALUES ('4530', 'ua', '');
INSERT INTO `vd_city_lang` VALUES ('4531', 'ua', '');
INSERT INTO `vd_city_lang` VALUES ('4532', 'ua', '');
INSERT INTO `vd_city_lang` VALUES ('4533', 'ua', '');
INSERT INTO `vd_city_lang` VALUES ('4534', 'ua', '');
INSERT INTO `vd_city_lang` VALUES ('4535', 'ua', '');
INSERT INTO `vd_city_lang` VALUES ('4536', 'ua', '');
INSERT INTO `vd_city_lang` VALUES ('4537', 'ua', '');
INSERT INTO `vd_city_lang` VALUES ('4539', 'ua', '');
INSERT INTO `vd_city_lang` VALUES ('4538', 'ua', '');
INSERT INTO `vd_city_lang` VALUES ('4540', 'ua', '');
INSERT INTO `vd_city_lang` VALUES ('4541', 'ua', '');
INSERT INTO `vd_city_lang` VALUES ('4542', 'ua', '');
INSERT INTO `vd_city_lang` VALUES ('4543', 'ua', '');
INSERT INTO `vd_city_lang` VALUES ('4544', 'ua', '');
INSERT INTO `vd_city_lang` VALUES ('4545', 'ua', '');
INSERT INTO `vd_city_lang` VALUES ('3916', 'ua', '&rsquo;');
INSERT INTO `vd_city_lang` VALUES ('3967', 'ua', '&rsquo;');
INSERT INTO `vd_city_lang` VALUES ('3972', 'ua', '&rsquo;');
INSERT INTO `vd_city_lang` VALUES ('3996', 'ua', '&rsquo; ');
INSERT INTO `vd_city_lang` VALUES ('4019', 'ua', '&rsquo;');
INSERT INTO `vd_city_lang` VALUES ('4037', 'ua', '&rsquo;');
INSERT INTO `vd_city_lang` VALUES ('4036', 'ua', '&rsquo;-');
INSERT INTO `vd_city_lang` VALUES ('4920', 'ua', '&rsquo;');
INSERT INTO `vd_city_lang` VALUES ('4197', 'ua', '&rsquo;');
INSERT INTO `vd_city_lang` VALUES ('4224', 'ua', '&rsquo;');
INSERT INTO `vd_city_lang` VALUES ('4246', 'ua', '&rsquo;-');
INSERT INTO `vd_city_lang` VALUES ('4429', 'ua', '&rsquo;');
INSERT INTO `vd_city_lang` VALUES ('4471', 'ua', '&rsquo;-');
INSERT INTO `vd_city_lang` VALUES ('4493', 'ua', '&rsquo;');
INSERT INTO `vd_city_lang` VALUES ('3832', 'en', 'Bar');
INSERT INTO `vd_city_lang` VALUES ('3833', 'en', 'Bershad');
INSERT INTO `vd_city_lang` VALUES ('3834', 'en', 'Brailiv');
INSERT INTO `vd_city_lang` VALUES ('3835', 'en', 'Bratslav');
INSERT INTO `vd_city_lang` VALUES ('3862', 'en', 'Chechelnyk');
INSERT INTO `vd_city_lang` VALUES ('3842', 'en', 'Dashiv');
INSERT INTO `vd_city_lang` VALUES ('3840', 'en', 'Haisyn');
INSERT INTO `vd_city_lang` VALUES ('3841', 'en', 'Hnivan');
INSERT INTO `vd_city_lang` VALUES ('3844', 'en', 'Illintsi');
INSERT INTO `vd_city_lang` VALUES ('3846', 'en', 'Kalynivka');
INSERT INTO `vd_city_lang` VALUES ('3861', 'en', 'Khmilnyk');
INSERT INTO `vd_city_lang` VALUES ('3845', 'en', 'Koziatyn');
INSERT INTO `vd_city_lang` VALUES ('3847', 'en', 'Kryzhopil');
INSERT INTO `vd_city_lang` VALUES ('3849', 'en', 'Lityn');
INSERT INTO `vd_city_lang` VALUES ('3848', 'en', 'Lypovets');
INSERT INTO `vd_city_lang` VALUES ('3850', 'en', 'Mohyliv-Podilskyi');
INSERT INTO `vd_city_lang` VALUES ('3851', 'en', 'Murovani Kurylivtsi');
INSERT INTO `vd_city_lang` VALUES ('3852', 'en', 'Nemyriv');
INSERT INTO `vd_city_lang` VALUES ('3853', 'en', 'Orativ');
INSERT INTO `vd_city_lang` VALUES ('3854', 'en', 'Pischanka');
INSERT INTO `vd_city_lang` VALUES ('3855', 'en', 'Pohrebysche');
INSERT INTO `vd_city_lang` VALUES ('3863', 'en', 'Shargorod');
INSERT INTO `vd_city_lang` VALUES ('3856', 'en', 'Teplyk');
INSERT INTO `vd_city_lang` VALUES ('3857', 'en', 'Tomashpil');
INSERT INTO `vd_city_lang` VALUES ('3858', 'en', 'Trostyanets');
INSERT INTO `vd_city_lang` VALUES ('3859', 'en', 'Tulchyn');
INSERT INTO `vd_city_lang` VALUES ('3860', 'en', 'Tyvriv');
INSERT INTO `vd_city_lang` VALUES ('3836', 'en', 'Vapnyarka');
INSERT INTO `vd_city_lang` VALUES ('3837', 'en', 'Vendychany');
INSERT INTO `vd_city_lang` VALUES ('3838', 'en', 'Vinnytsia');
INSERT INTO `vd_city_lang` VALUES ('3839', 'en', 'Voronovytsia');
INSERT INTO `vd_city_lang` VALUES ('3864', 'en', 'Yampil');
INSERT INTO `vd_city_lang` VALUES ('3843', 'en', 'Zhmerynka');
INSERT INTO `vd_city_lang` VALUES ('3865', 'en', 'Berestechko');
INSERT INTO `vd_city_lang` VALUES ('3867', 'en', 'Holoby');
INSERT INTO `vd_city_lang` VALUES ('3868', 'en', 'Holovne');
INSERT INTO `vd_city_lang` VALUES ('3869', 'en', 'Horokhiv');
INSERT INTO `vd_city_lang` VALUES ('3871', 'en', 'Ivanychi');
INSERT INTO `vd_city_lang` VALUES ('3872', 'en', 'Kamin-Kashyrskyi');
INSERT INTO `vd_city_lang` VALUES ('3873', 'en', 'Kivertsi');
INSERT INTO `vd_city_lang` VALUES ('3874', 'en', 'Kovel');
INSERT INTO `vd_city_lang` VALUES ('3878', 'en', 'Liuboml');
INSERT INTO `vd_city_lang` VALUES ('3875', 'en', 'Lokachi');
INSERT INTO `vd_city_lang` VALUES ('3876', 'en', 'Lutsk');
INSERT INTO `vd_city_lang` VALUES ('3877', 'en', 'Lyubeshiv');
INSERT INTO `vd_city_lang` VALUES ('3879', 'en', 'Manevychi');
INSERT INTO `vd_city_lang` VALUES ('3880', 'en', 'Novovolynsk');
INSERT INTO `vd_city_lang` VALUES ('3881', 'en', 'Ratne');
INSERT INTO `vd_city_lang` VALUES ('3882', 'en', 'Rozhysche');
INSERT INTO `vd_city_lang` VALUES ('3883', 'en', 'Stara Vyzhivka');
INSERT INTO `vd_city_lang` VALUES ('3884', 'en', 'Turiisk');
INSERT INTO `vd_city_lang` VALUES ('3866', 'en', 'Volodymyr-Volynskyi');
INSERT INTO `vd_city_lang` VALUES ('3885', 'en', 'Apostolove');
INSERT INTO `vd_city_lang` VALUES ('3886', 'en', 'Auly');
INSERT INTO `vd_city_lang` VALUES ('3887', 'en', 'Brahynivka');
INSERT INTO `vd_city_lang` VALUES ('3895', 'en', 'Demuryne');
INSERT INTO `vd_city_lang` VALUES ('3896', 'en', 'Dniprodzerzhinsk');
INSERT INTO `vd_city_lang` VALUES ('3897', 'en', 'Dnipropetrovsk');
INSERT INTO `vd_city_lang` VALUES ('3894', 'en', 'Hubynykha');
INSERT INTO `vd_city_lang` VALUES ('3892', 'en', 'Hvardiiske');
INSERT INTO `vd_city_lang` VALUES ('3901', 'en', 'Ilarionove');
INSERT INTO `vd_city_lang` VALUES ('3902', 'en', 'Inhulets');
INSERT INTO `vd_city_lang` VALUES ('3903', 'en', 'Kalynine');
INSERT INTO `vd_city_lang` VALUES ('3904', 'en', 'Karnaukhivka');
INSERT INTO `vd_city_lang` VALUES ('3906', 'en', 'Krynychky');
INSERT INTO `vd_city_lang` VALUES ('3905', 'en', 'Kryvyi Rih');
INSERT INTO `vd_city_lang` VALUES ('3907', 'en', 'Mahdalynivka');
INSERT INTO `vd_city_lang` VALUES ('3908', 'en', 'Marhanets');
INSERT INTO `vd_city_lang` VALUES ('3909', 'en', 'Mezhova');
INSERT INTO `vd_city_lang` VALUES ('3910', 'en', 'Nikopol');
INSERT INTO `vd_city_lang` VALUES ('3911', 'en', 'Novomoskovsk');
INSERT INTO `vd_city_lang` VALUES ('3912', 'en', 'Ordzhonikidze');
INSERT INTO `vd_city_lang` VALUES ('3913', 'en', 'Pavlohrad');
INSERT INTO `vd_city_lang` VALUES ('5017', 'en', 'Pershotravensk');
INSERT INTO `vd_city_lang` VALUES ('3914', 'en', 'Petropavlivka');
INSERT INTO `vd_city_lang` VALUES ('3915', 'en', 'Pokrovske');
INSERT INTO `vd_city_lang` VALUES ('3916', 'en', 'Pyatykhatky');
INSERT INTO `vd_city_lang` VALUES ('3921', 'en', 'Shyroke');
INSERT INTO `vd_city_lang` VALUES ('3918', 'en', 'Sofiivka');
INSERT INTO `vd_city_lang` VALUES ('3917', 'en', 'Synelnykove');
INSERT INTO `vd_city_lang` VALUES ('3919', 'en', 'Tomakivka');
INSERT INTO `vd_city_lang` VALUES ('3920', 'en', 'Tsarychanka');
INSERT INTO `vd_city_lang` VALUES ('3888', 'en', 'Vasylkivka');
INSERT INTO `vd_city_lang` VALUES ('3890', 'en', 'Verkhivtseve');
INSERT INTO `vd_city_lang` VALUES ('3889', 'en', 'Verkhnyodniprovsk');
INSERT INTO `vd_city_lang` VALUES ('3891', 'en', 'Vilnohirsk');
INSERT INTO `vd_city_lang` VALUES ('3900', 'en', 'Zelene');
INSERT INTO `vd_city_lang` VALUES ('5116', 'en', 'Zelenodolsk');
INSERT INTO `vd_city_lang` VALUES ('3898', 'en', 'Zhovti Vody');
INSERT INTO `vd_city_lang` VALUES ('3925', 'en', 'Amvrosiivka');
INSERT INTO `vd_city_lang` VALUES ('3926', 'en', 'Andriivka');
INSERT INTO `vd_city_lang` VALUES ('4174', 'en', 'Artemivsk');
INSERT INTO `vd_city_lang` VALUES ('3928', 'en', 'Artemivsk');
INSERT INTO `vd_city_lang` VALUES ('3922', 'en', 'Avdiivka');
INSERT INTO `vd_city_lang` VALUES ('3929', 'en', 'Bezimenne');
INSERT INTO `vd_city_lang` VALUES ('3930', 'en', 'Bilenke');
INSERT INTO `vd_city_lang` VALUES ('3932', 'en', 'Blahodatne');
INSERT INTO `vd_city_lang` VALUES ('3933', 'en', 'Bylbasivka');
INSERT INTO `vd_city_lang` VALUES ('3943', 'en', 'Debaltseve');
INSERT INTO `vd_city_lang` VALUES ('3946', 'en', 'Dobropillya');
INSERT INTO `vd_city_lang` VALUES ('3947', 'en', 'Dokuchaevsk');
INSERT INTO `vd_city_lang` VALUES ('3948', 'en', 'Donetsk');
INSERT INTO `vd_city_lang` VALUES ('3949', 'en', 'Donetske');
INSERT INTO `vd_city_lang` VALUES ('3950', 'en', 'Donske');
INSERT INTO `vd_city_lang` VALUES ('3951', 'en', 'Drobysheve');
INSERT INTO `vd_city_lang` VALUES ('3952', 'en', 'Druzhkivka');
INSERT INTO `vd_city_lang` VALUES ('3945', 'en', 'Dymytrov');
INSERT INTO `vd_city_lang` VALUES ('3944', 'en', 'Dzerzhynsk');
INSERT INTO `vd_city_lang` VALUES ('3939', 'en', 'Horbachevo-Mykhailivka');
INSERT INTO `vd_city_lang` VALUES ('3940', 'en', 'Horlivka');
INSERT INTO `vd_city_lang` VALUES ('3941', 'en', 'Hrodivka');
INSERT INTO `vd_city_lang` VALUES ('3942', 'en', 'Hruzko-Zoryanske');
INSERT INTO `vd_city_lang` VALUES ('3958', 'en', 'Ilovaisk');
INSERT INTO `vd_city_lang` VALUES ('3960', 'en', 'Karlo-Marksove');
INSERT INTO `vd_city_lang` VALUES ('3977', 'en', 'Khartsyzk');
INSERT INTO `vd_city_lang` VALUES ('3961', 'en', 'Kirovsk');
INSERT INTO `vd_city_lang` VALUES ('5087', 'en', 'Kostiantynivka');
INSERT INTO `vd_city_lang` VALUES ('3962', 'en', 'Kramatorsk');
INSERT INTO `vd_city_lang` VALUES ('3963', 'en', 'Krasnoarmiisk');
INSERT INTO `vd_city_lang` VALUES ('3964', 'en', 'Krasnyi Lyman');
INSERT INTO `vd_city_lang` VALUES ('1765574', 'en', 'Makiivka');
INSERT INTO `vd_city_lang` VALUES ('3965', 'en', 'Makiivka');
INSERT INTO `vd_city_lang` VALUES ('3967', 'en', 'Marinka');
INSERT INTO `vd_city_lang` VALUES ('3966', 'en', 'Mariupol');
INSERT INTO `vd_city_lang` VALUES ('3968', 'en', 'Novoazovsk');
INSERT INTO `vd_city_lang` VALUES ('3969', 'en', 'Novoekonomichne');
INSERT INTO `vd_city_lang` VALUES ('3923', 'en', 'Oleksandrivka');
INSERT INTO `vd_city_lang` VALUES ('3924', 'en', 'Oleksievo-Druzhkivka');
INSERT INTO `vd_city_lang` VALUES ('3971', 'en', 'Selydove');
INSERT INTO `vd_city_lang` VALUES ('3978', 'en', 'Shakhtarsk');
INSERT INTO `vd_city_lang` VALUES ('3972', 'en', 'Sloviansk');
INSERT INTO `vd_city_lang` VALUES ('3973', 'en', 'Snizhne');
INSERT INTO `vd_city_lang` VALUES ('3959', 'en', 'Soledar');
INSERT INTO `vd_city_lang` VALUES ('3974', 'en', 'Starobesheve');
INSERT INTO `vd_city_lang` VALUES ('3975', 'en', 'Telmanove');
INSERT INTO `vd_city_lang` VALUES ('3976', 'en', 'Torez');
INSERT INTO `vd_city_lang` VALUES ('3934', 'en', 'Velyka Novosilka');
INSERT INTO `vd_city_lang` VALUES ('3935', 'en', 'Voikovskyi');
INSERT INTO `vd_city_lang` VALUES ('3936', 'en', 'Volnovakha');
INSERT INTO `vd_city_lang` VALUES ('3937', 'en', 'Volodarske');
INSERT INTO `vd_city_lang` VALUES ('5117', 'en', 'Vuhledar');
INSERT INTO `vd_city_lang` VALUES ('3979', 'en', 'Yasynuvata');
INSERT INTO `vd_city_lang` VALUES ('3953', 'en', 'Yenakieve');
INSERT INTO `vd_city_lang` VALUES ('3955', 'en', 'Zhelanne');
INSERT INTO `vd_city_lang` VALUES ('3956', 'en', 'Zuhres');
INSERT INTO `vd_city_lang` VALUES ('3957', 'en', 'Zuivka');
INSERT INTO `vd_city_lang` VALUES ('3980', 'en', 'Andrushivka');
INSERT INTO `vd_city_lang` VALUES ('3981', 'en', 'Baranivka');
INSERT INTO `vd_city_lang` VALUES ('3983', 'en', 'Berdychiv');
INSERT INTO `vd_city_lang` VALUES ('3982', 'en', 'Bila Krynytsia');
INSERT INTO `vd_city_lang` VALUES ('3984', 'en', 'Bronytska Huta');
INSERT INTO `vd_city_lang` VALUES ('3985', 'en', 'Brusyliv');
INSERT INTO `vd_city_lang` VALUES ('3986', 'en', 'Bykivka');
INSERT INTO `vd_city_lang` VALUES ('4010', 'en', 'Cherniakhiv');
INSERT INTO `vd_city_lang` VALUES ('4009', 'en', 'Chervonoarmiisk');
INSERT INTO `vd_city_lang` VALUES ('4360', 'en', 'Chervonoarmiysk');
INSERT INTO `vd_city_lang` VALUES ('4011', 'en', 'Chudniv');
INSERT INTO `vd_city_lang` VALUES ('3992', 'en', 'Dovbysh');
INSERT INTO `vd_city_lang` VALUES ('3991', 'en', 'Dzerzhynsk');
INSERT INTO `vd_city_lang` VALUES ('3989', 'en', 'Horodnytsia');
INSERT INTO `vd_city_lang` VALUES ('3990', 'en', 'Hryshkivtsi');
INSERT INTO `vd_city_lang` VALUES ('3995', 'en', 'Ivanopil');
INSERT INTO `vd_city_lang` VALUES ('3996', 'en', 'Kamyanyi Brid');
INSERT INTO `vd_city_lang` VALUES ('3997', 'en', 'Korosten');
INSERT INTO `vd_city_lang` VALUES ('3998', 'en', 'Korostyshiv');
INSERT INTO `vd_city_lang` VALUES ('3999', 'en', 'Luhyny');
INSERT INTO `vd_city_lang` VALUES ('4000', 'en', 'Lyubar');
INSERT INTO `vd_city_lang` VALUES ('4001', 'en', 'Malyn');
INSERT INTO `vd_city_lang` VALUES ('4002', 'en', 'Narodychi');
INSERT INTO `vd_city_lang` VALUES ('4003', 'en', 'Novohrad-Volynskyi');
INSERT INTO `vd_city_lang` VALUES ('4005', 'en', 'Olevsk');
INSERT INTO `vd_city_lang` VALUES ('4004', 'en', 'Ovruch');
INSERT INTO `vd_city_lang` VALUES ('4006', 'en', 'Popelnya');
INSERT INTO `vd_city_lang` VALUES ('4007', 'en', 'Radomyshl');
INSERT INTO `vd_city_lang` VALUES ('4008', 'en', 'Ruzhyn');
INSERT INTO `vd_city_lang` VALUES ('3987', 'en', 'Velyki Korovyntsi');
INSERT INTO `vd_city_lang` VALUES ('3988', 'en', 'Volodarsk-Volynskyi');
INSERT INTO `vd_city_lang` VALUES ('3993', 'en', 'Yemilchyne');
INSERT INTO `vd_city_lang` VALUES ('3994', 'en', 'Zhytomyr');
INSERT INTO `vd_city_lang` VALUES ('4012', 'en', 'Berehove');
INSERT INTO `vd_city_lang` VALUES ('4013', 'en', 'Bushtyno');
INSERT INTO `vd_city_lang` VALUES ('4027', 'en', 'Chop');
INSERT INTO `vd_city_lang` VALUES ('4018', 'en', 'Irshava');
INSERT INTO `vd_city_lang` VALUES ('4026', 'en', 'Khust');
INSERT INTO `vd_city_lang` VALUES ('4019', 'en', 'Mizhhirya');
INSERT INTO `vd_city_lang` VALUES ('4020', 'en', 'Mukachevo');
INSERT INTO `vd_city_lang` VALUES ('4021', 'en', 'Perechyn');
INSERT INTO `vd_city_lang` VALUES ('4022', 'en', 'Rakhiv');
INSERT INTO `vd_city_lang` VALUES ('4023', 'en', 'Svalyava');
INSERT INTO `vd_city_lang` VALUES ('4024', 'en', 'Tiachiv');
INSERT INTO `vd_city_lang` VALUES ('4025', 'en', 'Uzhhorod');
INSERT INTO `vd_city_lang` VALUES ('4014', 'en', 'Velykyi Bereznyi');
INSERT INTO `vd_city_lang` VALUES ('4015', 'en', 'Velykyi Bychkiv');
INSERT INTO `vd_city_lang` VALUES ('4017', 'en', 'Volovets');
INSERT INTO `vd_city_lang` VALUES ('4016', 'en', 'Vynohradiv');
INSERT INTO `vd_city_lang` VALUES ('4029', 'en', 'Andriivka');
INSERT INTO `vd_city_lang` VALUES ('4030', 'en', 'Balabyne');
INSERT INTO `vd_city_lang` VALUES ('4031', 'en', 'Berdyansk');
INSERT INTO `vd_city_lang` VALUES ('4048', 'en', 'Chernihivka');
INSERT INTO `vd_city_lang` VALUES ('4984', 'en', 'Enerhodar');
INSERT INTO `vd_city_lang` VALUES ('4034', 'en', 'Huliaipole');
INSERT INTO `vd_city_lang` VALUES ('4037', 'en', 'Kamiane');
INSERT INTO `vd_city_lang` VALUES ('4036', 'en', 'Kamianka-Dniprovska');
INSERT INTO `vd_city_lang` VALUES ('4038', 'en', 'Komysh-Zoria');
INSERT INTO `vd_city_lang` VALUES ('4039', 'en', 'Kuibysheve');
INSERT INTO `vd_city_lang` VALUES ('4040', 'en', 'Melitopol');
INSERT INTO `vd_city_lang` VALUES ('4041', 'en', 'Myhailivka');
INSERT INTO `vd_city_lang` VALUES ('4042', 'en', 'Novomykolaivka');
INSERT INTO `vd_city_lang` VALUES ('4043', 'en', 'Orikhiv');
INSERT INTO `vd_city_lang` VALUES ('4044', 'en', 'Polohy');
INSERT INTO `vd_city_lang` VALUES ('4045', 'en', 'Pryazovske');
INSERT INTO `vd_city_lang` VALUES ('4046', 'en', 'Prymorsk');
INSERT INTO `vd_city_lang` VALUES ('4047', 'en', 'Tokmak');
INSERT INTO `vd_city_lang` VALUES ('4032', 'en', 'Vasylivka');
INSERT INTO `vd_city_lang` VALUES ('4033', 'en', 'Vesele');
INSERT INTO `vd_city_lang` VALUES ('4028', 'en', 'Yakymivka');
INSERT INTO `vd_city_lang` VALUES ('4035', 'en', 'Zaporizhia');
INSERT INTO `vd_city_lang` VALUES ('4051', 'en', 'Bilshivtsi');
INSERT INTO `vd_city_lang` VALUES ('4049', 'en', 'Bohorodchany');
INSERT INTO `vd_city_lang` VALUES ('4050', 'en', 'Bolekhiv');
INSERT INTO `vd_city_lang` VALUES ('4052', 'en', 'Broshniv-Osada');
INSERT INTO `vd_city_lang` VALUES ('4053', 'en', 'Bukachivtsi');
INSERT INTO `vd_city_lang` VALUES ('4054', 'en', 'Burshtyn');
INSERT INTO `vd_city_lang` VALUES ('4055', 'en', 'Bytkiv');
INSERT INTO `vd_city_lang` VALUES ('4063', 'en', 'Delyatyn');
INSERT INTO `vd_city_lang` VALUES ('1766192', 'en', 'Dolyna');
INSERT INTO `vd_city_lang` VALUES ('4060', 'en', 'Halych');
INSERT INTO `vd_city_lang` VALUES ('4062', 'en', 'Horodenka');
INSERT INTO `vd_city_lang` VALUES ('4066', 'en', 'Ivano-Frankivsk');
INSERT INTO `vd_city_lang` VALUES ('4068', 'en', 'Kalush');
INSERT INTO `vd_city_lang` VALUES ('4069', 'en', 'Kolomyya');
INSERT INTO `vd_city_lang` VALUES ('4070', 'en', 'Kosiv');
INSERT INTO `vd_city_lang` VALUES ('4071', 'en', 'Nadvirna');
INSERT INTO `vd_city_lang` VALUES ('4072', 'en', 'Nadvirna');
INSERT INTO `vd_city_lang` VALUES ('4073', 'en', 'Rohatyn');
INSERT INTO `vd_city_lang` VALUES ('4074', 'en', 'Rozhnyativ');
INSERT INTO `vd_city_lang` VALUES ('4075', 'en', 'Snyatyn');
INSERT INTO `vd_city_lang` VALUES ('4076', 'en', 'Stanislaviv');
INSERT INTO `vd_city_lang` VALUES ('4077', 'en', 'Tlumach');
INSERT INTO `vd_city_lang` VALUES ('4078', 'en', 'Tysmenytsya');
INSERT INTO `vd_city_lang` VALUES ('4056', 'en', 'Verkhovyna');
INSERT INTO `vd_city_lang` VALUES ('4057', 'en', 'Voinyliv');
INSERT INTO `vd_city_lang` VALUES ('4058', 'en', 'Vorokhta');
INSERT INTO `vd_city_lang` VALUES ('4059', 'en', 'Vyhoda');
INSERT INTO `vd_city_lang` VALUES ('4079', 'en', 'Yaremche');
INSERT INTO `vd_city_lang` VALUES ('4064', 'en', 'Yezupil');
INSERT INTO `vd_city_lang` VALUES ('4065', 'en', 'Zabolotiv');
INSERT INTO `vd_city_lang` VALUES ('4080', 'en', 'Baryshivka');
INSERT INTO `vd_city_lang` VALUES ('4082', 'en', 'Berezan');
INSERT INTO `vd_city_lang` VALUES ('4081', 'en', 'Bila Tserkva');
INSERT INTO `vd_city_lang` VALUES ('4083', 'en', 'Bohuslav');
INSERT INTO `vd_city_lang` VALUES ('4086', 'en', 'Borodyanka');
INSERT INTO `vd_city_lang` VALUES ('4085', 'en', 'Borova');
INSERT INTO `vd_city_lang` VALUES ('4084', 'en', 'Boryspil');
INSERT INTO `vd_city_lang` VALUES ('5081', 'en', 'Boyarka');
INSERT INTO `vd_city_lang` VALUES ('4087', 'en', 'Brovary');
INSERT INTO `vd_city_lang` VALUES ('4113', 'en', 'Chornobyl');
INSERT INTO `vd_city_lang` VALUES ('4092', 'en', 'Dymer');
INSERT INTO `vd_city_lang` VALUES ('4112', 'en', 'Fastiv');
INSERT INTO `vd_city_lang` VALUES ('4091', 'en', 'Hrebinky');
INSERT INTO `vd_city_lang` VALUES ('4095', 'en', 'Irpin');
INSERT INTO `vd_city_lang` VALUES ('4094', 'en', 'Ivankiv');
INSERT INTO `vd_city_lang` VALUES ('4096', 'en', 'Kaharlyk');
INSERT INTO `vd_city_lang` VALUES ('4097', 'en', 'Kalynivka ');
INSERT INTO `vd_city_lang` VALUES ('4098', 'en', 'Kiev');
INSERT INTO `vd_city_lang` VALUES ('4100', 'en', 'Kodra');
INSERT INTO `vd_city_lang` VALUES ('4101', 'en', 'Kozhanka');
INSERT INTO `vd_city_lang` VALUES ('4102', 'en', 'Kozyn');
INSERT INTO `vd_city_lang` VALUES ('4103', 'en', 'Makariv');
INSERT INTO `vd_city_lang` VALUES ('4104', 'en', 'Obukhiv');
INSERT INTO `vd_city_lang` VALUES ('4105', 'en', 'Pereiaslav-Khmelnytskyi');
INSERT INTO `vd_city_lang` VALUES ('4106', 'en', 'Poliske');
INSERT INTO `vd_city_lang` VALUES ('4107', 'en', 'Rokytne');
INSERT INTO `vd_city_lang` VALUES ('4108', 'en', 'Skvyra');
INSERT INTO `vd_city_lang` VALUES ('5024', 'en', 'Slavutych');
INSERT INTO `vd_city_lang` VALUES ('4109', 'en', 'Stavysche');
INSERT INTO `vd_city_lang` VALUES ('4110', 'en', 'Tarashcha');
INSERT INTO `vd_city_lang` VALUES ('4111', 'en', 'Tetiiv');
INSERT INTO `vd_city_lang` VALUES ('4088', 'en', 'Vasylkiv');
INSERT INTO `vd_city_lang` VALUES ('4089', 'en', 'Volodarka');
INSERT INTO `vd_city_lang` VALUES ('4090', 'en', 'Vorzel');
INSERT INTO `vd_city_lang` VALUES ('5076', 'en', 'Vyshhorod');
INSERT INTO `vd_city_lang` VALUES ('4114', 'en', 'Yahotyn');
INSERT INTO `vd_city_lang` VALUES ('4093', 'en', 'Zghurivka');
INSERT INTO `vd_city_lang` VALUES ('1766501', 'en', '');
INSERT INTO `vd_city_lang` VALUES ('1766729', 'en', '');
INSERT INTO `vd_city_lang` VALUES ('1766731', 'en', '');
INSERT INTO `vd_city_lang` VALUES ('4117', 'en', 'Bobrynets');
INSERT INTO `vd_city_lang` VALUES ('4120', 'en', 'Dobrovelychkivka');
INSERT INTO `vd_city_lang` VALUES ('4121', 'en', 'Dolynska');
INSERT INTO `vd_city_lang` VALUES ('4118', 'en', 'Haivoron');
INSERT INTO `vd_city_lang` VALUES ('4119', 'en', 'Holovanivsk');
INSERT INTO `vd_city_lang` VALUES ('4126', 'en', 'Kapitanivka');
INSERT INTO `vd_city_lang` VALUES ('4127', 'en', 'Kirovohrad');
INSERT INTO `vd_city_lang` VALUES ('4128', 'en', 'Kompaniivka');
INSERT INTO `vd_city_lang` VALUES ('4129', 'en', 'Mala Vyska');
INSERT INTO `vd_city_lang` VALUES ('4130', 'en', 'Novhorodka');
INSERT INTO `vd_city_lang` VALUES ('4131', 'en', 'Novoarkhanhelsk');
INSERT INTO `vd_city_lang` VALUES ('4132', 'en', 'Novomyrhorod');
INSERT INTO `vd_city_lang` VALUES ('4133', 'en', 'Novoukrainka');
INSERT INTO `vd_city_lang` VALUES ('4116', 'en', 'Oleksandriya');
INSERT INTO `vd_city_lang` VALUES ('4135', 'en', 'Onufriivka');
INSERT INTO `vd_city_lang` VALUES ('4136', 'en', 'Petrove');
INSERT INTO `vd_city_lang` VALUES ('4137', 'en', 'Svitlovodsk');
INSERT INTO `vd_city_lang` VALUES ('4138', 'en', 'Ulyanovka');
INSERT INTO `vd_city_lang` VALUES ('4139', 'en', 'Ustynivka');
INSERT INTO `vd_city_lang` VALUES ('4134', 'en', 'Vilshanka');
INSERT INTO `vd_city_lang` VALUES ('4122', 'en', 'Yelizavethradka');
INSERT INTO `vd_city_lang` VALUES ('4123', 'en', 'Zavallya');
INSERT INTO `vd_city_lang` VALUES ('4124', 'en', 'Znamyanka');
INSERT INTO `vd_city_lang` VALUES ('4125', 'en', 'Znamyanka Druha');
INSERT INTO `vd_city_lang` VALUES ('1766761', 'en', '');
INSERT INTO `vd_city_lang` VALUES ('4141', 'en', 'Alupka');
INSERT INTO `vd_city_lang` VALUES ('4142', 'en', 'Alushta');
INSERT INTO `vd_city_lang` VALUES ('5088', 'en', 'Armyansk');
INSERT INTO `vd_city_lang` VALUES ('4912', 'en', 'Armyansk');
INSERT INTO `vd_city_lang` VALUES ('4143', 'en', 'Baherove');
INSERT INTO `vd_city_lang` VALUES ('4145', 'en', 'Bakhchysaray');
INSERT INTO `vd_city_lang` VALUES ('4914', 'en', 'Berehove');
INSERT INTO `vd_city_lang` VALUES ('4146', 'en', 'Bilohirsk');
INSERT INTO `vd_city_lang` VALUES ('4915', 'en', 'Botanichne');
INSERT INTO `vd_city_lang` VALUES ('4169', 'en', 'Chornomorske');
INSERT INTO `vd_city_lang` VALUES ('4150', 'en', 'Dzhankoy');
INSERT INTO `vd_city_lang` VALUES ('4167', 'en', 'Feodosiya');
INSERT INTO `vd_city_lang` VALUES ('4168', 'en', 'Foros');
INSERT INTO `vd_city_lang` VALUES ('4147', 'en', 'Gaspra');
INSERT INTO `vd_city_lang` VALUES ('4149', 'en', 'Gurzuf');
INSERT INTO `vd_city_lang` VALUES ('4148', 'en', 'Hvardiyske');
INSERT INTO `vd_city_lang` VALUES ('4917', 'en', 'Katsiveli');
INSERT INTO `vd_city_lang` VALUES ('4153', 'en', 'Kerch');
INSERT INTO `vd_city_lang` VALUES ('4918', 'en', 'Koreiz');
INSERT INTO `vd_city_lang` VALUES ('4919', 'en', 'Krasnogvardiysk');
INSERT INTO `vd_city_lang` VALUES ('4155', 'en', 'Krasnogvardiyske');
INSERT INTO `vd_city_lang` VALUES ('4920', 'en', 'Krasnokamyanka');
INSERT INTO `vd_city_lang` VALUES ('4156', 'en', 'Krasnoperekopsk');
INSERT INTO `vd_city_lang` VALUES ('4921', 'en', 'Kurpaty');
INSERT INTO `vd_city_lang` VALUES ('4157', 'en', 'Lenine');
INSERT INTO `vd_city_lang` VALUES ('4922', 'en', 'Livadiya');
INSERT INTO `vd_city_lang` VALUES ('4158', 'en', 'Massandra');
INSERT INTO `vd_city_lang` VALUES ('4923', 'en', 'Miskhor');
INSERT INTO `vd_city_lang` VALUES ('4159', 'en', 'Nyzhnyohirskyi');
INSERT INTO `vd_city_lang` VALUES ('4924', 'en', 'Olyva');
INSERT INTO `vd_city_lang` VALUES ('4925', 'en', 'Opolzneve');
INSERT INTO `vd_city_lang` VALUES ('4926', 'en', 'Parkove');
INSERT INTO `vd_city_lang` VALUES ('4160', 'en', 'Pervomaiske');
INSERT INTO `vd_city_lang` VALUES ('4927', 'en', 'Ponyzivka');
INSERT INTO `vd_city_lang` VALUES ('4162', 'en', 'Saky');
INSERT INTO `vd_city_lang` VALUES ('4928', 'en', 'Sanatorne');
INSERT INTO `vd_city_lang` VALUES ('4163', 'en', 'Sevastopol');
INSERT INTO `vd_city_lang` VALUES ('5052', 'en', 'Shcholkine');
INSERT INTO `vd_city_lang` VALUES ('4929', 'en', 'Simeiz');
INSERT INTO `vd_city_lang` VALUES ('4164', 'en', 'Simferopol');
INSERT INTO `vd_city_lang` VALUES ('4165', 'en', 'Sovetskii');
INSERT INTO `vd_city_lang` VALUES ('4166', 'en', 'Sudak');
INSERT INTO `vd_city_lang` VALUES ('4170', 'en', 'Yalta');
INSERT INTO `vd_city_lang` VALUES ('4151', 'en', 'Yevpatoria  ');
INSERT INTO `vd_city_lang` VALUES ('4152', 'en', 'Zuya');
INSERT INTO `vd_city_lang` VALUES ('4172', 'en', 'Alchevsk');
INSERT INTO `vd_city_lang` VALUES ('4173', 'en', 'Antratsyt');
INSERT INTO `vd_city_lang` VALUES ('3927', 'en', 'Artemove');
INSERT INTO `vd_city_lang` VALUES ('4175', 'en', 'Bairachky');
INSERT INTO `vd_city_lang` VALUES ('4178', 'en', 'Bile');
INSERT INTO `vd_city_lang` VALUES ('4177', 'en', 'Bilohorivka');
INSERT INTO `vd_city_lang` VALUES ('4179', 'en', 'Bilokurakyne');
INSERT INTO `vd_city_lang` VALUES ('4180', 'en', 'Bilolutsk');
INSERT INTO `vd_city_lang` VALUES ('4176', 'en', 'Bilovodsk');
INSERT INTO `vd_city_lang` VALUES ('4181', 'en', 'Biryukovo');
INSERT INTO `vd_city_lang` VALUES ('4182', 'en', 'Bokovo-Platove');
INSERT INTO `vd_city_lang` VALUES ('4183', 'en', 'Borivske');
INSERT INTO `vd_city_lang` VALUES ('4184', 'en', 'Bryanka');
INSERT INTO `vd_city_lang` VALUES ('4185', 'en', 'Buhaivka');
INSERT INTO `vd_city_lang` VALUES ('4194', 'en', 'Heorhiivka');
INSERT INTO `vd_city_lang` VALUES ('4195', 'en', 'Hirske');
INSERT INTO `vd_city_lang` VALUES ('4200', 'en', 'Izvaryne');
INSERT INTO `vd_city_lang` VALUES ('4201', 'en', 'Kalininskii');
INSERT INTO `vd_city_lang` VALUES ('4202', 'en', 'Kalynove');
INSERT INTO `vd_city_lang` VALUES ('4204', 'en', 'Kirovsk');
INSERT INTO `vd_city_lang` VALUES ('4206', 'en', 'Krasnodon');
INSERT INTO `vd_city_lang` VALUES ('4207', 'en', 'Krasnyi Luch');
INSERT INTO `vd_city_lang` VALUES ('4208', 'en', 'Kreminna');
INSERT INTO `vd_city_lang` VALUES ('4210', 'en', 'Luhansk');
INSERT INTO `vd_city_lang` VALUES ('4211', 'en', 'Lutuhyne');
INSERT INTO `vd_city_lang` VALUES ('4209', 'en', 'Lysychansk');
INSERT INTO `vd_city_lang` VALUES ('4212', 'en', 'Markivka');
INSERT INTO `vd_city_lang` VALUES ('4213', 'en', 'Milove');
INSERT INTO `vd_city_lang` VALUES ('4214', 'en', 'Novoaidar');
INSERT INTO `vd_city_lang` VALUES ('4215', 'en', 'Novopskov');
INSERT INTO `vd_city_lang` VALUES ('4171', 'en', 'Oleksandrivsk');
INSERT INTO `vd_city_lang` VALUES ('4217', 'en', 'Perevalsk');
INSERT INTO `vd_city_lang` VALUES ('4216', 'en', 'Pervomaisk');
INSERT INTO `vd_city_lang` VALUES ('4218', 'en', 'Popasna');
INSERT INTO `vd_city_lang` VALUES ('4219', 'en', 'Rovenky');
INSERT INTO `vd_city_lang` VALUES ('4220', 'en', 'Rubizhne');
INSERT INTO `vd_city_lang` VALUES ('4223', 'en', 'Severodonetsk');
INSERT INTO `vd_city_lang` VALUES ('4224', 'en', 'Slovianoserbsk');
INSERT INTO `vd_city_lang` VALUES ('4227', 'en', 'Stakhanov');
INSERT INTO `vd_city_lang` VALUES ('4225', 'en', 'Stanychno-Luhanske');
INSERT INTO `vd_city_lang` VALUES ('4226', 'en', 'Starobilsk');
INSERT INTO `vd_city_lang` VALUES ('4221', 'en', 'Svatove');
INSERT INTO `vd_city_lang` VALUES ('4222', 'en', 'Sverdlovsk');
INSERT INTO `vd_city_lang` VALUES ('4228', 'en', 'Troitske');
INSERT INTO `vd_city_lang` VALUES ('4186', 'en', 'Vakhrusheve');
INSERT INTO `vd_city_lang` VALUES ('4187', 'en', 'Velykyi Loh');
INSERT INTO `vd_city_lang` VALUES ('4188', 'en', 'Vergulivka');
INSERT INTO `vd_city_lang` VALUES ('4189', 'en', 'Volodarsk');
INSERT INTO `vd_city_lang` VALUES ('4190', 'en', 'Vovchoyarivka');
INSERT INTO `vd_city_lang` VALUES ('4192', 'en', 'Vrubivka');
INSERT INTO `vd_city_lang` VALUES ('4193', 'en', 'Vrubivskyi');
INSERT INTO `vd_city_lang` VALUES ('4196', 'en', 'Yesaulivka');
INSERT INTO `vd_city_lang` VALUES ('4198', 'en', 'Zolote');
INSERT INTO `vd_city_lang` VALUES ('4199', 'en', 'Zorynsk');
INSERT INTO `vd_city_lang` VALUES ('4197', 'en', 'Zymohiria');
INSERT INTO `vd_city_lang` VALUES ('1748298', 'en', '');
INSERT INTO `vd_city_lang` VALUES ('4229', 'en', 'Belz');
INSERT INTO `vd_city_lang` VALUES ('4230', 'en', 'Bibrka');
INSERT INTO `vd_city_lang` VALUES ('4231', 'en', 'Boryslav');
INSERT INTO `vd_city_lang` VALUES ('4232', 'en', 'Brody');
INSERT INTO `vd_city_lang` VALUES ('4233', 'en', 'Busk');
INSERT INTO `vd_city_lang` VALUES ('4262', 'en', 'Chervonograd');
INSERT INTO `vd_city_lang` VALUES ('4239', 'en', 'Dashava');
INSERT INTO `vd_city_lang` VALUES ('4240', 'en', 'Dobrotvir');
INSERT INTO `vd_city_lang` VALUES ('4241', 'en', 'Drohobych');
INSERT INTO `vd_city_lang` VALUES ('4237', 'en', 'Hlynyany');
INSERT INTO `vd_city_lang` VALUES ('4061', 'en', 'Hvozdets');
INSERT INTO `vd_city_lang` VALUES ('4245', 'en', 'Ivano-Frankove');
INSERT INTO `vd_city_lang` VALUES ('4246', 'en', 'Kamianka-Buska');
INSERT INTO `vd_city_lang` VALUES ('4247', 'en', 'Lviv');
INSERT INTO `vd_city_lang` VALUES ('4248', 'en', 'Mostyska');
INSERT INTO `vd_city_lang` VALUES ('4250', 'en', 'Mykolaiv');
INSERT INTO `vd_city_lang` VALUES ('4249', 'en', 'Nesteriv');
INSERT INTO `vd_city_lang` VALUES ('1766197', 'en', 'Novoyavorivsk');
INSERT INTO `vd_city_lang` VALUES ('4251', 'en', 'Peremyshlyany');
INSERT INTO `vd_city_lang` VALUES ('4252', 'en', 'Pustomyty');
INSERT INTO `vd_city_lang` VALUES ('4254', 'en', 'Radekhiv');
INSERT INTO `vd_city_lang` VALUES ('4253', 'en', 'Rava-Ruska');
INSERT INTO `vd_city_lang` VALUES ('4255', 'en', 'Sambir');
INSERT INTO `vd_city_lang` VALUES ('4256', 'en', 'Skole');
INSERT INTO `vd_city_lang` VALUES ('4257', 'en', 'Sokal');
INSERT INTO `vd_city_lang` VALUES ('4258', 'en', 'Staryi Sambir');
INSERT INTO `vd_city_lang` VALUES ('4259', 'en', 'Stryi');
INSERT INTO `vd_city_lang` VALUES ('4260', 'en', 'Truskavets');
INSERT INTO `vd_city_lang` VALUES ('4261', 'en', 'Turka');
INSERT INTO `vd_city_lang` VALUES ('4234', 'en', 'Velyki Mosty');
INSERT INTO `vd_city_lang` VALUES ('4235', 'en', 'Verhnye Synyovydne');
INSERT INTO `vd_city_lang` VALUES ('4236', 'en', 'Vynnyky');
INSERT INTO `vd_city_lang` VALUES ('4263', 'en', 'Yavoriv');
INSERT INTO `vd_city_lang` VALUES ('4242', 'en', 'Zhydachiv');
INSERT INTO `vd_city_lang` VALUES ('4244', 'en', 'Zolochiv');
INSERT INTO `vd_city_lang` VALUES ('1035074', 'en', '');
INSERT INTO `vd_city_lang` VALUES ('4265', 'en', 'Arbuzynka');
INSERT INTO `vd_city_lang` VALUES ('4266', 'en', 'Bashtanka');
INSERT INTO `vd_city_lang` VALUES ('4267', 'en', 'Bereznehuvate');
INSERT INTO `vd_city_lang` VALUES ('4268', 'en', 'Bratske');
INSERT INTO `vd_city_lang` VALUES ('4272', 'en', 'Domanivka');
INSERT INTO `vd_city_lang` VALUES ('4274', 'en', 'Kazanka');
INSERT INTO `vd_city_lang` VALUES ('4275', 'en', 'Kryve Ozero');
INSERT INTO `vd_city_lang` VALUES ('4276', 'en', 'Mykolaiv');
INSERT INTO `vd_city_lang` VALUES ('4277', 'en', 'Nova Odesa');
INSERT INTO `vd_city_lang` VALUES ('4278', 'en', 'Novyi Bug');
INSERT INTO `vd_city_lang` VALUES ('4279', 'en', 'Ochakiv');
INSERT INTO `vd_city_lang` VALUES ('4264', 'en', 'Oleksandrivka');
INSERT INTO `vd_city_lang` VALUES ('4280', 'en', 'Pervomaisk');
INSERT INTO `vd_city_lang` VALUES ('4281', 'en', 'Snihurivka');
INSERT INTO `vd_city_lang` VALUES ('4270', 'en', 'Veselinove');
INSERT INTO `vd_city_lang` VALUES ('4271', 'en', 'Voznesensk');
INSERT INTO `vd_city_lang` VALUES ('4273', 'en', 'Yelanets');
INSERT INTO `vd_city_lang` VALUES ('5009', 'en', 'Yuzhnoukrainsk');
INSERT INTO `vd_city_lang` VALUES ('4282', 'en', 'Akkerman');
INSERT INTO `vd_city_lang` VALUES ('4283', 'en', 'Ananiv');
INSERT INTO `vd_city_lang` VALUES ('4284', 'en', 'Artsyz');
INSERT INTO `vd_city_lang` VALUES ('4285', 'en', 'Balta');
INSERT INTO `vd_city_lang` VALUES ('4289', 'en', 'Berezivka');
INSERT INTO `vd_city_lang` VALUES ('4288', 'en', 'Berezyne');
INSERT INTO `vd_city_lang` VALUES ('4286', 'en', 'Bilhorod-Dnistrovskyi');
INSERT INTO `vd_city_lang` VALUES ('4287', 'en', 'Bilyaivka');
INSERT INTO `vd_city_lang` VALUES ('4290', 'en', 'Bolhrad');
INSERT INTO `vd_city_lang` VALUES ('4291', 'en', 'Borodine');
INSERT INTO `vd_city_lang` VALUES ('4313', 'en', 'Frunzivka');
INSERT INTO `vd_city_lang` VALUES ('4297', 'en', 'Illichivsk');
INSERT INTO `vd_city_lang` VALUES ('4296', 'en', 'Izmail');
INSERT INTO `vd_city_lang` VALUES ('4298', 'en', 'Kiliya');
INSERT INTO `vd_city_lang` VALUES ('4299', 'en', 'Kodyma');
INSERT INTO `vd_city_lang` VALUES ('4300', 'en', 'Kominternivske');
INSERT INTO `vd_city_lang` VALUES ('4301', 'en', 'Kotovsk');
INSERT INTO `vd_city_lang` VALUES ('4302', 'en', 'Krasni Okny');
INSERT INTO `vd_city_lang` VALUES ('4303', 'en', 'Lyubashivka');
INSERT INTO `vd_city_lang` VALUES ('4304', 'en', 'Mykolaivka');
INSERT INTO `vd_city_lang` VALUES ('4306', 'en', 'Odessa');
INSERT INTO `vd_city_lang` VALUES ('4305', 'en', 'Ovidiopol');
INSERT INTO `vd_city_lang` VALUES ('4308', 'en', 'Reni');
INSERT INTO `vd_city_lang` VALUES ('4307', 'en', 'Rozdilna');
INSERT INTO `vd_city_lang` VALUES ('4310', 'en', 'Sarata');
INSERT INTO `vd_city_lang` VALUES ('4309', 'en', 'Savran');
INSERT INTO `vd_city_lang` VALUES ('4314', 'en', 'Shyryaeve');
INSERT INTO `vd_city_lang` VALUES ('4311', 'en', 'Tarutyne');
INSERT INTO `vd_city_lang` VALUES ('4312', 'en', 'Tatarbunary');
INSERT INTO `vd_city_lang` VALUES ('4292', 'en', 'Velyka Mykhailivka');
INSERT INTO `vd_city_lang` VALUES ('4293', 'en', 'Velykodolynske');
INSERT INTO `vd_city_lang` VALUES ('4294', 'en', 'Vylkove');
INSERT INTO `vd_city_lang` VALUES ('5107', 'en', 'Yuzhne');
INSERT INTO `vd_city_lang` VALUES ('4295', 'en', 'Zatyshshya');
INSERT INTO `vd_city_lang` VALUES ('4315', 'en', 'Bilyky');
INSERT INTO `vd_city_lang` VALUES ('4341', 'en', 'Chornukhy');
INSERT INTO `vd_city_lang` VALUES ('4342', 'en', 'Chutove');
INSERT INTO `vd_city_lang` VALUES ('4322', 'en', 'Dykanka');
INSERT INTO `vd_city_lang` VALUES ('4317', 'en', 'Hadyach');
INSERT INTO `vd_city_lang` VALUES ('4318', 'en', 'Hlobyne');
INSERT INTO `vd_city_lang` VALUES ('4319', 'en', 'Hoholeve');
INSERT INTO `vd_city_lang` VALUES ('4320', 'en', 'Hradizhsk');
INSERT INTO `vd_city_lang` VALUES ('4321', 'en', 'Hrebinka');
INSERT INTO `vd_city_lang` VALUES ('4324', 'en', 'Karlivka');
INSERT INTO `vd_city_lang` VALUES ('4340', 'en', 'Khorol');
INSERT INTO `vd_city_lang` VALUES ('4325', 'en', 'Kobelyaky');
INSERT INTO `vd_city_lang` VALUES ('5095', 'en', 'Komsomolsk');
INSERT INTO `vd_city_lang` VALUES ('4327', 'en', 'Kotelva');
INSERT INTO `vd_city_lang` VALUES ('4326', 'en', 'Kozelshchyna');
INSERT INTO `vd_city_lang` VALUES ('4328', 'en', 'Kremenchuk');
INSERT INTO `vd_city_lang` VALUES ('4329', 'en', 'Lokhvytsya');
INSERT INTO `vd_city_lang` VALUES ('4330', 'en', 'Lubny');
INSERT INTO `vd_city_lang` VALUES ('4331', 'en', 'Mashivka');
INSERT INTO `vd_city_lang` VALUES ('4332', 'en', 'Myrhorod');
INSERT INTO `vd_city_lang` VALUES ('4333', 'en', 'Novi Sanzhary');
INSERT INTO `vd_city_lang` VALUES ('4334', 'en', 'Orzhytsya');
INSERT INTO `vd_city_lang` VALUES ('4337', 'en', 'Poltava');
INSERT INTO `vd_city_lang` VALUES ('4335', 'en', 'Pyryantyn');
INSERT INTO `vd_city_lang` VALUES ('4336', 'en', 'Pyryatyn');
INSERT INTO `vd_city_lang` VALUES ('4338', 'en', 'Reshetylivka');
INSERT INTO `vd_city_lang` VALUES ('4339', 'en', 'Semenivka');
INSERT INTO `vd_city_lang` VALUES ('4343', 'en', 'Shyshaky');
INSERT INTO `vd_city_lang` VALUES ('4316', 'en', 'Velyka Bahachka');
INSERT INTO `vd_city_lang` VALUES ('4346', 'en', 'Demydivka');
INSERT INTO `vd_city_lang` VALUES ('4347', 'en', 'Dubno');
INSERT INTO `vd_city_lang` VALUES ('4348', 'en', 'Dubrovytsya');
INSERT INTO `vd_city_lang` VALUES ('4345', 'en', 'Hoshcha');
INSERT INTO `vd_city_lang` VALUES ('4352', 'en', 'Klesiv');
INSERT INTO `vd_city_lang` VALUES ('4351', 'en', 'Klevan');
INSERT INTO `vd_city_lang` VALUES ('4353', 'en', 'Korets');
INSERT INTO `vd_city_lang` VALUES ('4354', 'en', 'Kostopil');
INSERT INTO `vd_city_lang` VALUES ('4355', 'en', 'Kuznetsovsk');
INSERT INTO `vd_city_lang` VALUES ('4356', 'en', 'Mlyniv');
INSERT INTO `vd_city_lang` VALUES ('4357', 'en', 'Ostroh');
INSERT INTO `vd_city_lang` VALUES ('4358', 'en', 'Rivne');
INSERT INTO `vd_city_lang` VALUES ('4359', 'en', 'Sarny');
INSERT INTO `vd_city_lang` VALUES ('4344', 'en', 'Volodymyrets');
INSERT INTO `vd_city_lang` VALUES ('4349', 'en', 'Zarichne');
INSERT INTO `vd_city_lang` VALUES ('4350', 'en', 'Zdolbuniv');
INSERT INTO `vd_city_lang` VALUES ('4362', 'en', 'Bilopillya');
INSERT INTO `vd_city_lang` VALUES ('4363', 'en', 'Buryn');
INSERT INTO `vd_city_lang` VALUES ('4368', 'en', 'Druzhba');
INSERT INTO `vd_city_lang` VALUES ('4367', 'en', 'Hlukhiv');
INSERT INTO `vd_city_lang` VALUES ('4371', 'en', 'Konotop');
INSERT INTO `vd_city_lang` VALUES ('4372', 'en', 'Krasnopillya');
INSERT INTO `vd_city_lang` VALUES ('4373', 'en', 'Krovelets');
INSERT INTO `vd_city_lang` VALUES ('4370', 'en', 'Kyrykivka');
INSERT INTO `vd_city_lang` VALUES ('4374', 'en', 'Lebedyn');
INSERT INTO `vd_city_lang` VALUES ('4375', 'en', 'Lypova Dolyna');
INSERT INTO `vd_city_lang` VALUES ('4376', 'en', 'Nedryhailiv');
INSERT INTO `vd_city_lang` VALUES ('4361', 'en', 'Okhtyrka');
INSERT INTO `vd_city_lang` VALUES ('4377', 'en', 'Putivl');
INSERT INTO `vd_city_lang` VALUES ('4378', 'en', 'Romny');
INSERT INTO `vd_city_lang` VALUES ('4379', 'en', 'Seredyna-Buda');
INSERT INTO `vd_city_lang` VALUES ('4382', 'en', 'Shostka');
INSERT INTO `vd_city_lang` VALUES ('4380', 'en', 'Sumy');
INSERT INTO `vd_city_lang` VALUES ('4381', 'en', 'Trostyanets');
INSERT INTO `vd_city_lang` VALUES ('4364', 'en', 'Velyka Pysarivka');
INSERT INTO `vd_city_lang` VALUES ('4366', 'en', 'Voronizh');
INSERT INTO `vd_city_lang` VALUES ('4365', 'en', 'Vorozhba');
INSERT INTO `vd_city_lang` VALUES ('4384', 'en', 'Yampil');
INSERT INTO `vd_city_lang` VALUES ('4369', 'en', 'Znob-Novgorodske');
INSERT INTO `vd_city_lang` VALUES ('4385', 'en', 'Berezhany');
INSERT INTO `vd_city_lang` VALUES ('4386', 'en', 'Borshchiv');
INSERT INTO `vd_city_lang` VALUES ('4387', 'en', 'Buchach');
INSERT INTO `vd_city_lang` VALUES ('4406', 'en', 'Chortkiv');
INSERT INTO `vd_city_lang` VALUES ('4390', 'en', 'Hrymailiv');
INSERT INTO `vd_city_lang` VALUES ('4391', 'en', 'Husiatyn');
INSERT INTO `vd_city_lang` VALUES ('4398', 'en', 'Kozliv');
INSERT INTO `vd_city_lang` VALUES ('4399', 'en', 'Kozova');
INSERT INTO `vd_city_lang` VALUES ('4400', 'en', 'Kremenets');
INSERT INTO `vd_city_lang` VALUES ('4401', 'en', 'Lanivtsi');
INSERT INTO `vd_city_lang` VALUES ('4402', 'en', 'Monastyriska');
INSERT INTO `vd_city_lang` VALUES ('4403', 'en', 'Pidvolochysk');
INSERT INTO `vd_city_lang` VALUES ('4407', 'en', 'Shumsk');
INSERT INTO `vd_city_lang` VALUES ('4404', 'en', 'Terebovlya');
INSERT INTO `vd_city_lang` VALUES ('4405', 'en', 'Ternopil');
INSERT INTO `vd_city_lang` VALUES ('4388', 'en', 'Velyki Birky');
INSERT INTO `vd_city_lang` VALUES ('4389', 'en', 'Vyshnivets');
INSERT INTO `vd_city_lang` VALUES ('4392', 'en', 'Zalishchyky');
INSERT INTO `vd_city_lang` VALUES ('4393', 'en', 'Zaliztsi');
INSERT INTO `vd_city_lang` VALUES ('4394', 'en', 'Zbarazh');
INSERT INTO `vd_city_lang` VALUES ('4395', 'en', 'Zboriv');
INSERT INTO `vd_city_lang` VALUES ('4396', 'en', 'Zolotnyky');
INSERT INTO `vd_city_lang` VALUES ('4397', 'en', 'Zolotyi potik');
INSERT INTO `vd_city_lang` VALUES ('4408', 'en', 'Balakliya');
INSERT INTO `vd_city_lang` VALUES ('4409', 'en', 'Barvinkove');
INSERT INTO `vd_city_lang` VALUES ('4412', 'en', 'Birky');
INSERT INTO `vd_city_lang` VALUES ('4410', 'en', 'Blyznyuky');
INSERT INTO `vd_city_lang` VALUES ('4411', 'en', 'Bohodukhiv');
INSERT INTO `vd_city_lang` VALUES ('4413', 'en', 'Borova');
INSERT INTO `vd_city_lang` VALUES ('4414', 'en', 'Budy');
INSERT INTO `vd_city_lang` VALUES ('4436', 'en', 'Chuhuiv');
INSERT INTO `vd_city_lang` VALUES ('4420', 'en', 'Derhachi');
INSERT INTO `vd_city_lang` VALUES ('4419', 'en', 'Huty');
INSERT INTO `vd_city_lang` VALUES ('4424', 'en', 'Izyum');
INSERT INTO `vd_city_lang` VALUES ('4426', 'en', 'Kehychivka');
INSERT INTO `vd_city_lang` VALUES ('4435', 'en', 'Kharkiv');
INSERT INTO `vd_city_lang` VALUES ('4425', 'en', 'Kozacha Lopan');
INSERT INTO `vd_city_lang` VALUES ('4427', 'en', 'Krasnohrad');
INSERT INTO `vd_city_lang` VALUES ('4428', 'en', 'Krasnokutsk');
INSERT INTO `vd_city_lang` VALUES ('4429', 'en', 'Kupyansk');
INSERT INTO `vd_city_lang` VALUES ('4430', 'en', 'Lozova');
INSERT INTO `vd_city_lang` VALUES ('4431', 'en', 'Lyubotyn');
INSERT INTO `vd_city_lang` VALUES ('5073', 'en', 'Merefa');
INSERT INTO `vd_city_lang` VALUES ('4432', 'en', 'Nova Vodolaha');
INSERT INTO `vd_city_lang` VALUES ('4433', 'en', 'Pervomaiskyi');
INSERT INTO `vd_city_lang` VALUES ('5074', 'en', 'Pisochyn');
INSERT INTO `vd_city_lang` VALUES ('4434', 'en', 'Sakhnovshchyna');
INSERT INTO `vd_city_lang` VALUES ('4437', 'en', 'Shevchenkovo');
INSERT INTO `vd_city_lang` VALUES ('4415', 'en', 'Valky');
INSERT INTO `vd_city_lang` VALUES ('4416', 'en', 'Velykyi Burluk');
INSERT INTO `vd_city_lang` VALUES ('4417', 'en', 'Vovchansk');
INSERT INTO `vd_city_lang` VALUES ('4421', 'en', 'Zachepylivka');
INSERT INTO `vd_city_lang` VALUES ('4422', 'en', 'Zidky');
INSERT INTO `vd_city_lang` VALUES ('4418', 'en', 'Zmiiv');
INSERT INTO `vd_city_lang` VALUES ('4423', 'en', 'Zolochiv');
INSERT INTO `vd_city_lang` VALUES ('4438', 'en', 'Askania-Nova');
INSERT INTO `vd_city_lang` VALUES ('4441', 'en', 'Beryslav');
INSERT INTO `vd_city_lang` VALUES ('4439', 'en', 'Bila Krynytsia');
INSERT INTO `vd_city_lang` VALUES ('4440', 'en', 'Bilozerka');
INSERT INTO `vd_city_lang` VALUES ('4460', 'en', 'Chaplynka');
INSERT INTO `vd_city_lang` VALUES ('4449', 'en', 'Dnipryany');
INSERT INTO `vd_city_lang` VALUES ('4446', 'en', 'Henichesk');
INSERT INTO `vd_city_lang` VALUES ('4458', 'en', 'Herson');
INSERT INTO `vd_city_lang` VALUES ('4447', 'en', 'Hola Prystan');
INSERT INTO `vd_city_lang` VALUES ('4448', 'en', 'Hornostaivka');
INSERT INTO `vd_city_lang` VALUES ('4452', 'en', 'Kakhovka');
INSERT INTO `vd_city_lang` VALUES ('4450', 'en', 'Kalanchak');
INSERT INTO `vd_city_lang` VALUES ('4451', 'en', 'Kalininske');
INSERT INTO `vd_city_lang` VALUES ('4454', 'en', 'Nova Kakhovka');
INSERT INTO `vd_city_lang` VALUES ('4456', 'en', 'Novotroitske');
INSERT INTO `vd_city_lang` VALUES ('4455', 'en', 'Novovorontsovka');
INSERT INTO `vd_city_lang` VALUES ('4453', 'en', 'Nyzhni Sirohozy');
INSERT INTO `vd_city_lang` VALUES ('4457', 'en', 'Skadovsk');
INSERT INTO `vd_city_lang` VALUES ('4459', 'en', 'Tsyurupynsk');
INSERT INTO `vd_city_lang` VALUES ('4443', 'en', 'Velyka Lepetykha');
INSERT INTO `vd_city_lang` VALUES ('4442', 'en', 'Velyka Oleksandrivka');
INSERT INTO `vd_city_lang` VALUES ('4444', 'en', 'Verkhnii Rohachyk');
INSERT INTO `vd_city_lang` VALUES ('4445', 'en', 'Vysokopillya');
INSERT INTO `vd_city_lang` VALUES ('4461', 'en', 'Antoniny');
INSERT INTO `vd_city_lang` VALUES ('4462', 'en', 'Bazaliya');
INSERT INTO `vd_city_lang` VALUES ('4463', 'en', 'Bilohirrya');
INSERT INTO `vd_city_lang` VALUES ('4481', 'en', 'Chemerivtsi');
INSERT INTO `vd_city_lang` VALUES ('4468', 'en', 'Derazhnya');
INSERT INTO `vd_city_lang` VALUES ('4469', 'en', 'Dunaivtsi');
INSERT INTO `vd_city_lang` VALUES ('4466', 'en', 'Horodok');
INSERT INTO `vd_city_lang` VALUES ('4467', 'en', 'Hrytsiv');
INSERT INTO `vd_city_lang` VALUES ('4470', 'en', 'Izyaslav');
INSERT INTO `vd_city_lang` VALUES ('4471', 'en', 'Kamyanets-Podilskyi');
INSERT INTO `vd_city_lang` VALUES ('4480', 'en', 'Khmelnytskyi');
INSERT INTO `vd_city_lang` VALUES ('4472', 'en', 'Krasyliv');
INSERT INTO `vd_city_lang` VALUES ('4473', 'en', 'Letychiv');
INSERT INTO `vd_city_lang` VALUES ('4967', 'en', 'Netishyn');
INSERT INTO `vd_city_lang` VALUES ('4474', 'en', 'Nova Ushytsya');
INSERT INTO `vd_city_lang` VALUES ('4475', 'en', 'Polonne');
INSERT INTO `vd_city_lang` VALUES ('4482', 'en', 'Shepetivka');
INSERT INTO `vd_city_lang` VALUES ('4476', 'en', 'Slavuta');
INSERT INTO `vd_city_lang` VALUES ('4477', 'en', 'Stara Synyavka');
INSERT INTO `vd_city_lang` VALUES ('4478', 'en', 'Starokostyantyniv');
INSERT INTO `vd_city_lang` VALUES ('4479', 'en', 'Teofipol');
INSERT INTO `vd_city_lang` VALUES ('4464', 'en', 'Vinkivtsi');
INSERT INTO `vd_city_lang` VALUES ('4465', 'en', 'Volochysk');
INSERT INTO `vd_city_lang` VALUES ('4483', 'en', 'Yarmolyntsi');
INSERT INTO `vd_city_lang` VALUES ('4503', 'en', 'Cherkasy');
INSERT INTO `vd_city_lang` VALUES ('4504', 'en', 'Chornobai');
INSERT INTO `vd_city_lang` VALUES ('4505', 'en', 'Chyhyryn');
INSERT INTO `vd_city_lang` VALUES ('4486', 'en', 'Drabiv');
INSERT INTO `vd_city_lang` VALUES ('4485', 'en', 'Horodyshche');
INSERT INTO `vd_city_lang` VALUES ('4492', 'en', 'Irdyn');
INSERT INTO `vd_city_lang` VALUES ('4493', 'en', 'Kamyanka');
INSERT INTO `vd_city_lang` VALUES ('4494', 'en', 'Katerynopil');
INSERT INTO `vd_city_lang` VALUES ('4502', 'en', 'Khrystynivka');
INSERT INTO `vd_city_lang` VALUES ('1765609', 'en', 'Kizliv');
INSERT INTO `vd_city_lang` VALUES ('4495', 'en', 'Korsun-Shevchenkivskyi');
INSERT INTO `vd_city_lang` VALUES ('4496', 'en', 'Lysyanka');
INSERT INTO `vd_city_lang` VALUES ('4498', 'en', 'Monastyryshche');
INSERT INTO `vd_city_lang` VALUES ('4506', 'en', 'Shpola');
INSERT INTO `vd_city_lang` VALUES ('4499', 'en', 'Smila');
INSERT INTO `vd_city_lang` VALUES ('4500', 'en', 'Talne');
INSERT INTO `vd_city_lang` VALUES ('4501', 'en', 'Uman');
INSERT INTO `vd_city_lang` VALUES ('4484', 'en', 'Vatutine');
INSERT INTO `vd_city_lang` VALUES ('4487', 'en', 'Yerky');
INSERT INTO `vd_city_lang` VALUES ('4488', 'en', 'Zhashkiv');
INSERT INTO `vd_city_lang` VALUES ('4491', 'en', 'Zolotonosha');
INSERT INTO `vd_city_lang` VALUES ('4490', 'en', 'Zvenyhorodka');
INSERT INTO `vd_city_lang` VALUES ('4508', 'en', 'Bakhmach');
INSERT INTO `vd_city_lang` VALUES ('4507', 'en', 'Baturyn');
INSERT INTO `vd_city_lang` VALUES ('4509', 'en', 'Berezna');
INSERT INTO `vd_city_lang` VALUES ('4510', 'en', 'Bobrovytsya');
INSERT INTO `vd_city_lang` VALUES ('4511', 'en', 'Borzna');
INSERT INTO `vd_city_lang` VALUES ('4530', 'en', 'Chernigov');
INSERT INTO `vd_city_lang` VALUES ('4514', 'en', 'Horodnya');
INSERT INTO `vd_city_lang` VALUES ('4516', 'en', 'Ichnya');
INSERT INTO `vd_city_lang` VALUES ('4518', 'en', 'Korop');
INSERT INTO `vd_city_lang` VALUES ('4519', 'en', 'Koryukivka');
INSERT INTO `vd_city_lang` VALUES ('4517', 'en', 'Kozelets');
INSERT INTO `vd_city_lang` VALUES ('4520', 'en', 'Kulykivka');
INSERT INTO `vd_city_lang` VALUES ('4521', 'en', 'Mena');
INSERT INTO `vd_city_lang` VALUES ('4522', 'en', 'Nizhyn');
INSERT INTO `vd_city_lang` VALUES ('4524', 'en', 'Nosivka');
INSERT INTO `vd_city_lang` VALUES ('4523', 'en', 'Novhorod-Siverskyi');
INSERT INTO `vd_city_lang` VALUES ('4525', 'en', 'Pryluky');
INSERT INTO `vd_city_lang` VALUES ('4526', 'en', 'Ripky');
INSERT INTO `vd_city_lang` VALUES ('4527', 'en', 'Semenivka');
INSERT INTO `vd_city_lang` VALUES ('4531', 'en', 'Shchors');
INSERT INTO `vd_city_lang` VALUES ('4528', 'en', 'Sosnytsya');
INSERT INTO `vd_city_lang` VALUES ('4529', 'en', 'Talalaivka');
INSERT INTO `vd_city_lang` VALUES ('4512', 'en', 'Varva');
INSERT INTO `vd_city_lang` VALUES ('4513', 'en', 'Vertiivka');
INSERT INTO `vd_city_lang` VALUES ('4515', 'en', 'Zamhlai');
INSERT INTO `vd_city_lang` VALUES ('4532', 'en', 'Berehomet');
INSERT INTO `vd_city_lang` VALUES ('4545', 'en', 'Chernivtsi');
INSERT INTO `vd_city_lang` VALUES ('4535', 'en', 'Hertsa');
INSERT INTO `vd_city_lang` VALUES ('4536', 'en', 'Hlyboka');
INSERT INTO `vd_city_lang` VALUES ('4538', 'en', 'Kelmentsi');
INSERT INTO `vd_city_lang` VALUES ('4544', 'en', 'Khotyn');
INSERT INTO `vd_city_lang` VALUES ('4539', 'en', 'Kitsman');
INSERT INTO `vd_city_lang` VALUES ('4540', 'en', 'Novoselytsia');
INSERT INTO `vd_city_lang` VALUES ('4541', 'en', 'Putyla');
INSERT INTO `vd_city_lang` VALUES ('4542', 'en', 'Sokyryany');
INSERT INTO `vd_city_lang` VALUES ('4543', 'en', 'Storozhynets');
INSERT INTO `vd_city_lang` VALUES ('4533', 'en', 'Vashkivtsi');
INSERT INTO `vd_city_lang` VALUES ('4534', 'en', 'Vyzhnytsia');
INSERT INTO `vd_city_lang` VALUES ('4537', 'en', 'Zastavna');

-- ----------------------------
-- Table structure for vd_region
-- ----------------------------
DROP TABLE IF EXISTS `vd_region`;
CREATE TABLE `vd_region` (
  `id` int(10) unsigned NOT NULL AUTO_INCREMENT,
  `db_rootid` int(11) NOT NULL DEFAULT '0',
  `db_defnamelang` varchar(100) NOT NULL,
  `db_sortindex` int(10) NOT NULL DEFAULT '0',
  `db_timecreation` int(10) unsigned NOT NULL DEFAULT '0',
  `db_timelastedit` int(10) unsigned NOT NULL DEFAULT '0',
  `db_enabled` enum('0','1') NOT NULL DEFAULT '1',
  `db_deleted` enum('0','1') NOT NULL DEFAULT '0',
  PRIMARY KEY (`id`)
) ENGINE=MyISAM AUTO_INCREMENT=376 DEFAULT CHARSET=utf8;

-- ----------------------------
-- Records of vd_region
-- ----------------------------
INSERT INTO `vd_region` VALUES ('279', '62', ' .', '0', '1374134216', '1374134216', '1', '0');
INSERT INTO `vd_region` VALUES ('280', '62', ' .', '0', '1374134216', '1374134216', '1', '0');
INSERT INTO `vd_region` VALUES ('281', '62', ' .', '0', '1374134216', '1374134216', '1', '0');
INSERT INTO `vd_region` VALUES ('282', '62', ' .', '0', '1374134216', '1374134216', '1', '0');
INSERT INTO `vd_region` VALUES ('283', '62', ' .', '0', '1374134216', '1374134216', '1', '0');
INSERT INTO `vd_region` VALUES ('284', '62', ' .', '0', '1374134216', '1374134216', '1', '0');
INSERT INTO `vd_region` VALUES ('285', '62', ' .', '0', '1374134216', '1374134216', '1', '0');
INSERT INTO `vd_region` VALUES ('286', '62', '- .', '0', '1374134216', '1374134216', '1', '0');
INSERT INTO `vd_region` VALUES ('287', '62', ' .', '0', '1374134216', '1374134216', '1', '0');
INSERT INTO `vd_region` VALUES ('288', '62', ' .', '0', '1374134216', '1374134216', '1', '0');
INSERT INTO `vd_region` VALUES ('289', '62', '  ', '0', '1374134216', '1374134216', '1', '0');
INSERT INTO `vd_region` VALUES ('290', '62', ' .', '0', '1374134216', '1374134216', '1', '0');
INSERT INTO `vd_region` VALUES ('291', '62', ' .', '0', '1374134216', '1374134216', '1', '0');
INSERT INTO `vd_region` VALUES ('292', '62', ' .', '0', '1374134216', '1374134216', '1', '0');
INSERT INTO `vd_region` VALUES ('293', '62', ' .', '0', '1374134216', '1374134216', '1', '0');
INSERT INTO `vd_region` VALUES ('294', '62', ' .', '0', '1374134216', '1374134216', '1', '0');
INSERT INTO `vd_region` VALUES ('295', '62', ' .', '0', '1374134216', '1374134216', '1', '0');
INSERT INTO `vd_region` VALUES ('296', '62', ' .', '0', '1374134216', '1374134216', '1', '0');
INSERT INTO `vd_region` VALUES ('297', '62', ' .', '0', '1374134216', '1374134216', '1', '0');
INSERT INTO `vd_region` VALUES ('298', '62', ' .', '0', '1374134216', '1374134216', '1', '0');
INSERT INTO `vd_region` VALUES ('299', '62', ' .', '0', '1374134216', '1374134216', '1', '0');
INSERT INTO `vd_region` VALUES ('300', '62', ' .', '0', '1374134216', '1374134216', '1', '0');
INSERT INTO `vd_region` VALUES ('301', '62', ' .', '0', '1374134216', '1374134216', '1', '0');
INSERT INTO `vd_region` VALUES ('302', '62', ' .', '0', '1374134216', '1374134216', '1', '0');
INSERT INTO `vd_region` VALUES ('303', '62', ' .', '0', '1374134216', '1374134216', '1', '0');

-- ----------------------------
-- Table structure for vd_region_lang
-- ----------------------------
DROP TABLE IF EXISTS `vd_region_lang`;
CREATE TABLE `vd_region_lang` (
  `db_rid` int(10) unsigned NOT NULL,
  `db_lang` varchar(20) NOT NULL,
  `db_namelang` varchar(100) NOT NULL,
  PRIMARY KEY (`db_rid`,`db_lang`)
) ENGINE=MyISAM DEFAULT CHARSET=utf8;

-- ----------------------------
-- Records of vd_region_lang
-- ----------------------------
INSERT INTO `vd_region_lang` VALUES ('279', 'ru', ' .');
INSERT INTO `vd_region_lang` VALUES ('280', 'ru', ' .');
INSERT INTO `vd_region_lang` VALUES ('281', 'ru', ' .');
INSERT INTO `vd_region_lang` VALUES ('282', 'ru', ' .');
INSERT INTO `vd_region_lang` VALUES ('283', 'ru', ' .');
INSERT INTO `vd_region_lang` VALUES ('284', 'ru', ' .');
INSERT INTO `vd_region_lang` VALUES ('285', 'ru', ' .');
INSERT INTO `vd_region_lang` VALUES ('286', 'ru', '- .');
INSERT INTO `vd_region_lang` VALUES ('287', 'ru', ' .');
INSERT INTO `vd_region_lang` VALUES ('288', 'ru', ' .');
INSERT INTO `vd_region_lang` VALUES ('289', 'ru', '  ');
INSERT INTO `vd_region_lang` VALUES ('290', 'ru', ' .');
INSERT INTO `vd_region_lang` VALUES ('291', 'ru', ' .');
INSERT INTO `vd_region_lang` VALUES ('292', 'ru', ' .');
INSERT INTO `vd_region_lang` VALUES ('293', 'ru', ' .');
INSERT INTO `vd_region_lang` VALUES ('294', 'ru', ' .');
INSERT INTO `vd_region_lang` VALUES ('295', 'ru', ' .');
INSERT INTO `vd_region_lang` VALUES ('296', 'ru', ' .');
INSERT INTO `vd_region_lang` VALUES ('297', 'ru', ' .');
INSERT INTO `vd_region_lang` VALUES ('298', 'ru', ' .');
INSERT INTO `vd_region_lang` VALUES ('299', 'ru', ' .');
INSERT INTO `vd_region_lang` VALUES ('300', 'ru', ' .');
INSERT INTO `vd_region_lang` VALUES ('301', 'ru', ' .');
INSERT INTO `vd_region_lang` VALUES ('302', 'ru', ' .');
INSERT INTO `vd_region_lang` VALUES ('303', 'ru', ' .');
INSERT INTO `vd_region_lang` VALUES ('286', 'ua', '- ');
INSERT INTO `vd_region_lang` VALUES ('279', 'ua', ' ');
INSERT INTO `vd_region_lang` VALUES ('280', 'ua', ' ');
INSERT INTO `vd_region_lang` VALUES ('281', 'ua', ' ');
INSERT INTO `vd_region_lang` VALUES ('282', 'ua', ' ');
INSERT INTO `vd_region_lang` VALUES ('283', 'ua', ' ');
INSERT INTO `vd_region_lang` VALUES ('284', 'ua', ' ');
INSERT INTO `vd_region_lang` VALUES ('285', 'ua', ' ');
INSERT INTO `vd_region_lang` VALUES ('288', 'ua', ' ');
INSERT INTO `vd_region_lang` VALUES ('287', 'ua', ' ');
INSERT INTO `vd_region_lang` VALUES ('289', 'ua', '  ');
INSERT INTO `vd_region_lang` VALUES ('290', 'ua', ' ');
INSERT INTO `vd_region_lang` VALUES ('291', 'ua', ' ');
INSERT INTO `vd_region_lang` VALUES ('292', 'ua', ' ');
INSERT INTO `vd_region_lang` VALUES ('293', 'ua', ' ');
INSERT INTO `vd_region_lang` VALUES ('294', 'ua', ' ');
INSERT INTO `vd_region_lang` VALUES ('295', 'ua', ' ');
INSERT INTO `vd_region_lang` VALUES ('296', 'ua', ' ');
INSERT INTO `vd_region_lang` VALUES ('297', 'ua', ' ');
INSERT INTO `vd_region_lang` VALUES ('298', 'ua', ' ');
INSERT INTO `vd_region_lang` VALUES ('299', 'ua', ' ');
INSERT INTO `vd_region_lang` VALUES ('300', 'ua', ' ');
INSERT INTO `vd_region_lang` VALUES ('301', 'ua', ' ');
INSERT INTO `vd_region_lang` VALUES ('303', 'ua', ' ');
INSERT INTO `vd_region_lang` VALUES ('302', 'ua', ' ');
INSERT INTO `vd_region_lang` VALUES ('301', 'en', 'Cherkassy Oblast');
INSERT INTO `vd_region_lang` VALUES ('302', 'en', 'Chernihiv Oblast');
INSERT INTO `vd_region_lang` VALUES ('303', 'en', 'Chernivtsi Oblast');
INSERT INTO `vd_region_lang` VALUES ('281', 'en', 'Dnipropetrovsk Oblast');
INSERT INTO `vd_region_lang` VALUES ('282', 'en', 'Donetsk oblast');
INSERT INTO `vd_region_lang` VALUES ('286', 'en', 'Ivano-Frankivsk Oblast');
INSERT INTO `vd_region_lang` VALUES ('298', 'en', 'Kharkiv Oblast');
INSERT INTO `vd_region_lang` VALUES ('299', 'en', 'Kherson Oblast');
INSERT INTO `vd_region_lang` VALUES ('300', 'en', 'Khmelnytskyi Oblast');
INSERT INTO `vd_region_lang` VALUES ('288', 'en', 'Kirovohrad Oblast');
INSERT INTO `vd_region_lang` VALUES ('289', 'en', 'Krymskaya obl.');
INSERT INTO `vd_region_lang` VALUES ('287', 'en', 'Kyiv Oblast');
INSERT INTO `vd_region_lang` VALUES ('290', 'en', 'Luganskaya obl.');
INSERT INTO `vd_region_lang` VALUES ('291', 'en', 'Lvovskaya obl.');
INSERT INTO `vd_region_lang` VALUES ('292', 'en', 'Mykolaiv oblast');
INSERT INTO `vd_region_lang` VALUES ('293', 'en', 'Odessa Oblast');
INSERT INTO `vd_region_lang` VALUES ('294', 'en', 'Poltava Oblast');
INSERT INTO `vd_region_lang` VALUES ('295', 'en', 'Rivne Oblast');
INSERT INTO `vd_region_lang` VALUES ('296', 'en', 'Sumy Oblast');
INSERT INTO `vd_region_lang` VALUES ('297', 'en', 'Ternopolskaya obl.');
INSERT INTO `vd_region_lang` VALUES ('279', 'en', 'Vinnytsia Oblast');
INSERT INTO `vd_region_lang` VALUES ('280', 'en', 'Volyn Oblast');
INSERT INTO `vd_region_lang` VALUES ('284', 'en', 'Zakarpatskaya obl.');
INSERT INTO `vd_region_lang` VALUES ('285', 'en', 'Zaporozhskaya obl.');
INSERT INTO `vd_region_lang` VALUES ('283', 'en', 'Zhytomyr oblast');

-- ----------------------------
-- Table structure for weight_types
-- ----------------------------
DROP TABLE IF EXISTS `weight_types`;
CREATE TABLE `weight_types` (
  `id` int(10) unsigned NOT NULL AUTO_INCREMENT,
  `name` varchar(120) COLLATE utf8_unicode_ci NOT NULL,
  `created_at` timestamp NOT NULL DEFAULT CURRENT_TIMESTAMP ON UPDATE CURRENT_TIMESTAMP,
  `updated_at` timestamp NULL DEFAULT NULL,
  `deleted_at` timestamp NULL DEFAULT NULL,
  PRIMARY KEY (`id`)
) ENGINE=InnoDB AUTO_INCREMENT=5 DEFAULT CHARSET=utf8 COLLATE=utf8_unicode_ci;

-- ----------------------------
-- Records of weight_types
-- ----------------------------
INSERT INTO `weight_types` VALUES ('1', 'liter', '2017-08-14 09:13:59', '2017-08-14 09:13:59', null);
INSERT INTO `weight_types` VALUES ('2', 'kg', '2017-08-14 09:15:49', '2017-08-14 09:15:49', null);
INSERT INTO `weight_types` VALUES ('3', 'gram', '2017-08-14 09:16:16', '2017-08-14 09:16:16', null);
INSERT INTO `weight_types` VALUES ('4', 'thing', '2017-08-14 09:17:00', '2017-08-14 09:17:25', null);
SET FOREIGN_KEY_CHECKS=1;
